2026-02-21 11:34:59.977 AM,2.499926
2026-02-21 11:35:01.664 AM,2.4999256
2026-02-21 11:35:03.373 AM,2.4999258
2026-02-21 11:35:05.072 AM,2.499926
2026-02-21 11:35:06.765 AM,2.4999261
2026-02-21 11:35:08.454 AM,2.4999259
2026-02-21 11:35:10.157 AM,2.4999261
2026-02-21 11:35:11.866 AM,2.4999261
2026-02-21 11:35:13.543 AM,2.4999258
2026-02-21 11:35:15.243 AM,2.4999256
2026-02-21 11:35:16.938 AM,2.4999262
2026-02-21 11:35:18.632 AM,2.499926
2026-02-21 11:35:20.333 AM,2.4999257
2026-02-21 11:35:22.023 AM,2.4999257
2026-02-21 11:35:23.698 AM,2.4999255
2026-02-21 11:35:25.399 AM,2.4999256
2026-02-21 11:35:27.101 AM,2.4999251
2026-02-21 11:35:28.790 AM,2.4999255
2026-02-21 11:35:30.488 AM,2.4999261
2026-02-21 11:35:32.176 AM,2.4999256
2026-02-21 11:35:33.882 AM,2.4999258
2026-02-21 11:35:35.581 AM,2.4999261
2026-02-21 11:35:37.289 AM,2.4999262
2026-02-21 11:35:38.987 AM,2.4999252
2026-02-21 11:35:40.692 AM,2.4999263
2026-02-21 11:35:42.374 AM,2.4999259
2026-02-21 11:35:44.080 AM,2.4999266
2026-02-21 11:35:45.776 AM,2.4999261
2026-02-21 11:35:47.475 AM,2.4999263
2026-02-21 11:35:49.181 AM,2.4999257
2026-02-21 11:35:50.876 AM,2.4999262
2026-02-21 11:35:52.556 AM,2.4999251
2026-02-21 11:35:54.255 AM,2.4999261
2026-02-21 11:35:55.969 AM,2.4999259
2026-02-21 11:35:57.662 AM,2.499926
2026-02-21 11:35:59.374 AM,2.4999265
2026-02-21 11:36:01.059 AM,2.499926
2026-02-21 11:36:02.758 AM,2.4999256
2026-02-21 11:36:04.451 AM,2.4999255
2026-02-21 11:36:06.135 AM,2.4999247
2026-02-21 11:36:07.815 AM,2.4999252
2026-02-21 11:36:09.520 AM,2.4999253
2026-02-21 11:36:11.228 AM,2.4999256
2026-02-21 11:36:12.925 AM,2.4999252
2026-02-21 11:36:14.607 AM,2.4999252
2026-02-21 11:36:16.310 AM,2.4999261
2026-02-21 11:36:18.003 AM,2.4999258
2026-02-21 11:36:19.675 AM,2.4999259
2026-02-21 11:36:21.368 AM,2.4999254
2026-02-21 11:36:23.072 AM,2.4999256
2026-02-21 11:36:24.757 AM,2.4999249
2026-02-21 11:36:26.454 AM,2.4999245
2026-02-21 11:36:28.150 AM,2.4999254
2026-02-21 11:36:29.841 AM,2.499925
2026-02-21 11:36:31.520 AM,2.4999254
2026-02-21 11:36:33.203 AM,2.4999255
2026-02-21 11:36:34.880 AM,2.4999249
2026-02-21 11:36:36.587 AM,2.4999253
2026-02-21 11:36:38.287 AM,2.4999246
2026-02-21 11:36:39.973 AM,2.4999256
2026-02-21 11:36:41.681 AM,2.4999258
2026-02-21 11:36:43.383 AM,2.4999252
2026-02-21 11:36:45.079 AM,2.4999256
2026-02-21 11:36:46.772 AM,2.4999256
2026-02-21 11:36:48.472 AM,2.4999249
2026-02-21 11:36:50.166 AM,2.4999254
2026-02-21 11:36:51.869 AM,2.4999251
2026-02-21 11:36:53.570 AM,2.499925
2026-02-21 11:36:55.252 AM,2.4999253
2026-02-21 11:36:56.956 AM,2.4999252
2026-02-21 11:36:58.661 AM,2.4999249
2026-02-21 11:37:00.360 AM,2.4999251
2026-02-21 11:37:02.047 AM,2.4999253
2026-02-21 11:37:03.749 AM,2.4999257
2026-02-21 11:37:05.446 AM,2.4999253
2026-02-21 11:37:07.149 AM,2.4999251
2026-02-21 11:37:08.851 AM,2.4999253
2026-02-21 11:37:10.537 AM,2.4999265
2026-02-21 11:37:12.242 AM,2.4999254
2026-02-21 11:37:13.927 AM,2.4999258
2026-02-21 11:37:15.608 AM,2.4999258
2026-02-21 11:37:17.317 AM,2.4999255
2026-02-21 11:37:19.029 AM,2.4999258
2026-02-21 11:37:20.737 AM,2.4999255
2026-02-21 11:37:22.435 AM,2.4999252
2026-02-21 11:37:24.119 AM,2.4999262
2026-02-21 11:37:25.820 AM,2.4999263
2026-02-21 11:37:27.501 AM,2.4999258
2026-02-21 11:37:29.202 AM,2.4999253
2026-02-21 11:37:30.887 AM,2.4999257
2026-02-21 11:37:32.584 AM,2.4999255
2026-02-21 11:37:34.280 AM,2.4999257
2026-02-21 11:37:35.979 AM,2.499926
2026-02-21 11:37:37.677 AM,2.4999258
2026-02-21 11:37:39.361 AM,2.4999259
2026-02-21 11:37:41.058 AM,2.4999259
2026-02-21 11:37:42.738 AM,2.4999255
2026-02-21 11:37:44.449 AM,2.4999262
2026-02-21 11:37:46.153 AM,2.4999254
2026-02-21 11:37:47.850 AM,2.4999256
2026-02-21 11:37:49.530 AM,2.4999254
2026-02-21 11:37:51.238 AM,2.4999251
2026-02-21 11:37:52.933 AM,2.4999256
2026-02-21 11:37:54.618 AM,2.4999251
2026-02-21 11:37:56.311 AM,2.4999253
2026-02-21 11:37:58.010 AM,2.4999252
2026-02-21 11:37:59.704 AM,2.4999246
2026-02-21 11:38:01.410 AM,2.4999257
2026-02-21 11:38:03.114 AM,2.4999259
2026-02-21 11:38:04.799 AM,2.4999259
2026-02-21 11:38:06.486 AM,2.4999251
2026-02-21 11:38:08.184 AM,2.4999254
2026-02-21 11:38:09.879 AM,2.4999254
2026-02-21 11:38:11.588 AM,2.4999257
2026-02-21 11:38:13.294 AM,2.4999259
2026-02-21 11:38:14.988 AM,2.499925
2026-02-21 11:38:16.690 AM,2.4999249
2026-02-21 11:38:18.391 AM,2.4999248
2026-02-21 11:38:20.072 AM,2.4999245
2026-02-21 11:38:21.774 AM,2.4999253
2026-02-21 11:38:23.451 AM,2.4999252
2026-02-21 11:38:25.152 AM,2.4999257
2026-02-21 11:38:26.841 AM,2.4999252
2026-02-21 11:38:28.540 AM,2.4999254
2026-02-21 11:38:30.238 AM,2.4999252
2026-02-21 11:38:31.934 AM,2.4999241
2026-02-21 11:38:33.649 AM,2.4999251
2026-02-21 11:38:35.351 AM,2.4999248
2026-02-21 11:38:37.033 AM,2.4999255
2026-02-21 11:38:38.730 AM,2.499925
2026-02-21 11:38:40.400 AM,2.4999259
2026-02-21 11:38:42.094 AM,2.4999254
2026-02-21 11:38:43.801 AM,2.4999251
2026-02-21 11:38:45.509 AM,2.4999256
2026-02-21 11:38:47.213 AM,2.4999259
2026-02-21 11:38:48.908 AM,2.4999251
2026-02-21 11:38:50.578 AM,2.499925
2026-02-21 11:38:52.283 AM,2.4999249
2026-02-21 11:38:53.976 AM,2.4999259
2026-02-21 11:38:55.682 AM,2.4999252
2026-02-21 11:38:57.382 AM,2.4999256
2026-02-21 11:38:59.087 AM,2.4999254
2026-02-21 11:39:00.795 AM,2.4999254
2026-02-21 11:39:02.502 AM,2.4999254
2026-02-21 11:39:04.205 AM,2.4999245
2026-02-21 11:39:05.882 AM,2.4999253
2026-02-21 11:39:07.579 AM,2.4999251
2026-02-21 11:39:09.250 AM,2.4999254
2026-02-21 11:39:10.950 AM,2.4999253
2026-02-21 11:39:12.660 AM,2.499925
2026-02-21 11:39:14.348 AM,2.4999254
2026-02-21 11:39:16.027 AM,2.4999251
2026-02-21 11:39:17.731 AM,2.4999254
2026-02-21 11:39:19.443 AM,2.4999257
2026-02-21 11:39:21.141 AM,2.4999254
2026-02-21 11:39:22.840 AM,2.4999257
2026-02-21 11:39:24.532 AM,2.4999257
2026-02-21 11:39:26.230 AM,2.499925
2026-02-21 11:39:27.930 AM,2.4999247
2026-02-21 11:39:29.610 AM,2.4999256
2026-02-21 11:39:31.310 AM,2.4999262
2026-02-21 11:39:33.006 AM,2.4999259
2026-02-21 11:39:34.708 AM,2.4999257
2026-02-21 11:39:36.410 AM,2.4999252
2026-02-21 11:39:38.086 AM,2.4999255
2026-02-21 11:39:39.782 AM,2.4999261
2026-02-21 11:39:41.474 AM,2.4999251
2026-02-21 11:39:43.172 AM,2.4999255
2026-02-21 11:39:44.852 AM,2.4999249
2026-02-21 11:39:46.553 AM,2.4999254
2026-02-21 11:39:48.257 AM,2.499926
2026-02-21 11:39:49.930 AM,2.499925
2026-02-21 11:39:51.635 AM,2.4999257
2026-02-21 11:39:53.344 AM,2.4999253
2026-02-21 11:39:55.022 AM,2.4999257
2026-02-21 11:39:56.698 AM,2.4999259
2026-02-21 11:39:58.377 AM,2.4999256
2026-02-21 11:40:00.071 AM,2.4999256
2026-02-21 11:40:01.758 AM,2.4999256
2026-02-21 11:40:03.460 AM,2.4999257
2026-02-21 11:40:05.167 AM,2.4999259
2026-02-21 11:40:06.841 AM,2.4999253
2026-02-21 11:40:08.530 AM,2.4999255
2026-02-21 11:40:10.216 AM,2.4999255
2026-02-21 11:40:11.899 AM,2.4999256
2026-02-21 11:40:13.597 AM,2.4999257
2026-02-21 11:40:15.293 AM,2.4999256
2026-02-21 11:40:16.987 AM,2.4999258
2026-02-21 11:40:18.677 AM,2.4999248
2026-02-21 11:40:20.361 AM,2.4999261
2026-02-21 11:40:22.046 AM,2.4999253
2026-02-21 11:40:23.733 AM,2.4999253
2026-02-21 11:40:25.421 AM,2.4999252
2026-02-21 11:40:27.119 AM,2.499925
2026-02-21 11:40:28.819 AM,2.4999255
2026-02-21 11:40:30.516 AM,2.4999259
2026-02-21 11:40:32.218 AM,2.4999255
2026-02-21 11:40:33.897 AM,2.4999261
2026-02-21 11:40:35.599 AM,2.4999257
2026-02-21 11:40:37.291 AM,2.4999252
2026-02-21 11:40:38.973 AM,2.4999249
2026-02-21 11:40:40.654 AM,2.499925
2026-02-21 11:40:42.333 AM,2.4999249
2026-02-21 11:40:44.034 AM,2.4999255
2026-02-21 11:40:45.715 AM,2.4999249
2026-02-21 11:40:47.416 AM,2.4999258
2026-02-21 11:40:49.119 AM,2.4999248
2026-02-21 11:40:50.826 AM,2.4999258
2026-02-21 11:40:52.536 AM,2.4999255
2026-02-21 11:40:54.220 AM,2.4999256
2026-02-21 11:40:55.914 AM,2.499926
2026-02-21 11:40:57.614 AM,2.4999255
2026-02-21 11:40:59.299 AM,2.4999259
2026-02-21 11:41:01.000 AM,2.4999259
2026-02-21 11:41:02.708 AM,2.4999263
2026-02-21 11:41:04.393 AM,2.4999257
2026-02-21 11:41:06.098 AM,2.4999264
2026-02-21 11:41:07.796 AM,2.4999259
2026-02-21 11:41:09.510 AM,2.4999261
2026-02-21 11:41:11.210 AM,2.4999256
2026-02-21 11:41:12.920 AM,2.4999264
2026-02-21 11:41:14.616 AM,2.4999261
2026-02-21 11:41:16.311 AM,2.4999258
2026-02-21 11:41:18.020 AM,2.4999256
2026-02-21 11:41:19.716 AM,2.4999252
2026-02-21 11:41:21.401 AM,2.4999262
2026-02-21 11:41:23.096 AM,2.4999263
2026-02-21 11:41:24.814 AM,2.4999257
2026-02-21 11:41:26.517 AM,2.4999255
2026-02-21 11:41:28.205 AM,2.4999258
2026-02-21 11:41:29.903 AM,2.4999261
2026-02-21 11:41:31.599 AM,2.4999251
2026-02-21 11:41:33.293 AM,2.4999256
2026-02-21 11:41:34.977 AM,2.4999255
2026-02-21 11:41:36.667 AM,2.499926
2026-02-21 11:41:38.362 AM,2.4999257
2026-02-21 11:41:40.065 AM,2.4999261
2026-02-21 11:41:41.753 AM,2.4999249
2026-02-21 11:41:43.441 AM,2.4999258
2026-02-21 11:41:45.140 AM,2.4999257
2026-02-21 11:41:46.847 AM,2.4999264
2026-02-21 11:41:48.554 AM,2.4999261
2026-02-21 11:41:50.242 AM,2.499926
2026-02-21 11:41:51.932 AM,2.4999265
2026-02-21 11:41:53.629 AM,2.4999263
2026-02-21 11:41:55.328 AM,2.4999264
2026-02-21 11:41:57.006 AM,2.4999263
2026-02-21 11:41:58.705 AM,2.4999259
2026-02-21 11:42:00.402 AM,2.4999257
2026-02-21 11:42:02.083 AM,2.499926
2026-02-21 11:42:03.782 AM,2.4999263
2026-02-21 11:42:05.467 AM,2.4999258
2026-02-21 11:42:07.157 AM,2.4999261
2026-02-21 11:42:08.851 AM,2.499926
2026-02-21 11:42:10.555 AM,2.4999257
2026-02-21 11:42:12.257 AM,2.4999259
2026-02-21 11:42:13.953 AM,2.4999252
2026-02-21 11:42:15.643 AM,2.4999257
2026-02-21 11:42:17.332 AM,2.4999254
2026-02-21 11:42:19.038 AM,2.4999245
2026-02-21 11:42:20.738 AM,2.4999251
2026-02-21 11:42:22.410 AM,2.4999249
2026-02-21 11:42:24.118 AM,2.4999254
2026-02-21 11:42:25.797 AM,2.4999253
2026-02-21 11:42:27.496 AM,2.4999261
2026-02-21 11:42:29.174 AM,2.4999255
2026-02-21 11:42:30.873 AM,2.4999254
2026-02-21 11:42:32.565 AM,2.499926
2026-02-21 11:42:34.262 AM,2.4999255
2026-02-21 11:42:35.961 AM,2.4999262
2026-02-21 11:42:37.669 AM,2.4999264
2026-02-21 11:42:39.366 AM,2.4999262
2026-02-21 11:42:41.063 AM,2.4999257
2026-02-21 11:42:42.763 AM,2.4999257
2026-02-21 11:42:44.452 AM,2.4999251
2026-02-21 11:42:46.143 AM,2.4999254
2026-02-21 11:42:47.814 AM,2.499925
2026-02-21 11:42:49.504 AM,2.4999256
2026-02-21 11:42:51.185 AM,2.4999255
2026-02-21 11:42:52.873 AM,2.4999261
2026-02-21 11:42:54.585 AM,2.4999261
2026-02-21 11:42:56.276 AM,2.4999261
2026-02-21 11:42:57.963 AM,2.4999262
2026-02-21 11:42:59.657 AM,2.4999261
2026-02-21 11:43:01.345 AM,2.4999258
2026-02-21 11:43:03.036 AM,2.4999252
2026-02-21 11:43:04.743 AM,2.4999255
2026-02-21 11:43:06.438 AM,2.4999252
2026-02-21 11:43:08.144 AM,2.4999255
2026-02-21 11:43:09.830 AM,2.4999254
2026-02-21 11:43:11.507 AM,2.4999255
2026-02-21 11:43:13.206 AM,2.4999257
2026-02-21 11:43:14.889 AM,2.4999255
2026-02-21 11:43:16.573 AM,2.4999252
2026-02-21 11:43:18.263 AM,2.4999263
2026-02-21 11:43:19.959 AM,2.4999255
2026-02-21 11:43:21.654 AM,2.4999261
2026-02-21 11:43:23.350 AM,2.4999264
2026-02-21 11:43:25.062 AM,2.4999256
2026-02-21 11:43:26.756 AM,2.4999257
2026-02-21 11:43:28.465 AM,2.4999257
2026-02-21 11:43:30.157 AM,2.4999254
2026-02-21 11:43:31.854 AM,2.4999249
2026-02-21 11:43:33.558 AM,2.4999253
2026-02-21 11:43:35.249 AM,2.499925
2026-02-21 11:43:36.941 AM,2.4999256
2026-02-21 11:43:38.620 AM,2.4999248
2026-02-21 11:43:40.319 AM,2.4999252
2026-02-21 11:43:42.017 AM,2.4999256
2026-02-21 11:43:43.725 AM,2.4999253
2026-02-21 11:43:45.416 AM,2.4999252
2026-02-21 11:43:47.090 AM,2.4999254
2026-02-21 11:43:48.792 AM,2.4999258
2026-02-21 11:43:50.471 AM,2.4999252
2026-02-21 11:43:52.171 AM,2.4999251
2026-02-21 11:43:53.847 AM,2.4999255
2026-02-21 11:43:55.529 AM,2.4999259
2026-02-21 11:43:57.213 AM,2.4999254
2026-02-21 11:43:58.890 AM,2.4999254
2026-02-21 11:44:00.586 AM,2.4999257
2026-02-21 11:44:02.279 AM,2.4999266
2026-02-21 11:44:03.967 AM,2.4999259
2026-02-21 11:44:05.662 AM,2.499926
2026-02-21 11:44:07.361 AM,2.499925
2026-02-21 11:44:09.057 AM,2.4999268
2026-02-21 11:44:10.740 AM,2.4999259
2026-02-21 11:44:12.451 AM,2.4999258
2026-02-21 11:44:14.134 AM,2.4999263
2026-02-21 11:44:15.825 AM,2.4999262
2026-02-21 11:44:17.526 AM,2.4999266
2026-02-21 11:44:19.202 AM,2.4999263
2026-02-21 11:44:20.904 AM,2.4999264
2026-02-21 11:44:22.602 AM,2.4999257
2026-02-21 11:44:24.288 AM,2.4999263
2026-02-21 11:44:25.974 AM,2.4999258
2026-02-21 11:44:27.659 AM,2.4999264
2026-02-21 11:44:29.363 AM,2.4999263
2026-02-21 11:44:31.064 AM,2.4999258
2026-02-21 11:44:32.767 AM,2.4999257
2026-02-21 11:44:34.450 AM,2.4999263
2026-02-21 11:44:36.145 AM,2.4999257
2026-02-21 11:44:37.833 AM,2.4999256
2026-02-21 11:44:39.503 AM,2.4999262
2026-02-21 11:44:41.206 AM,2.4999261
2026-02-21 11:44:42.879 AM,2.4999262
2026-02-21 11:44:44.560 AM,2.4999262
2026-02-21 11:44:46.255 AM,2.4999257
2026-02-21 11:44:47.954 AM,2.4999256
2026-02-21 11:44:49.630 AM,2.4999257
2026-02-21 11:44:51.335 AM,2.4999265
2026-02-21 11:44:53.041 AM,2.4999263
2026-02-21 11:44:54.742 AM,2.4999259
2026-02-21 11:44:56.425 AM,2.4999253
2026-02-21 11:44:58.099 AM,2.499926
2026-02-21 11:44:59.784 AM,2.4999258
2026-02-21 11:45:01.487 AM,2.4999258
2026-02-21 11:45:03.172 AM,2.499926
2026-02-21 11:45:04.870 AM,2.4999269
2026-02-21 11:45:06.567 AM,2.499926
2026-02-21 11:45:08.253 AM,2.4999265
2026-02-21 11:45:09.926 AM,2.4999258
2026-02-21 11:45:11.614 AM,2.4999254
2026-02-21 11:45:13.307 AM,2.499926
2026-02-21 11:45:15.005 AM,2.4999255
2026-02-21 11:45:16.706 AM,2.4999251
2026-02-21 11:45:18.404 AM,2.4999261
2026-02-21 11:45:20.108 AM,2.4999248
2026-02-21 11:45:21.816 AM,2.4999249
2026-02-21 11:45:23.508 AM,2.4999253
2026-02-21 11:45:25.197 AM,2.4999242
2026-02-21 11:45:26.888 AM,2.4999253
2026-02-21 11:45:28.612 AM,2.4999249
2026-02-21 11:45:30.315 AM,2.4999257
2026-02-21 11:45:32.013 AM,2.4999253
2026-02-21 11:45:33.709 AM,2.4999261
2026-02-21 11:45:35.403 AM,2.4999257
2026-02-21 11:45:37.109 AM,2.499926
2026-02-21 11:45:38.798 AM,2.4999255
2026-02-21 11:45:40.484 AM,2.4999255
2026-02-21 11:45:42.177 AM,2.4999257
2026-02-21 11:45:43.878 AM,2.499926
2026-02-21 11:45:45.588 AM,2.4999261
2026-02-21 11:45:47.264 AM,2.499926
2026-02-21 11:45:48.963 AM,2.4999261
2026-02-21 11:45:50.658 AM,2.499926
2026-02-21 11:45:52.350 AM,2.4999265
2026-02-21 11:45:54.050 AM,2.4999274
2026-02-21 11:45:55.754 AM,2.4999273
2026-02-21 11:45:57.457 AM,2.4999278
2026-02-21 11:45:59.166 AM,2.4999271
2026-02-21 11:46:00.863 AM,2.4999271
2026-02-21 11:46:02.555 AM,2.4999272
2026-02-21 11:46:04.258 AM,2.4999277
2026-02-21 11:46:05.957 AM,2.4999269
2026-02-21 11:46:07.662 AM,2.4999265
2026-02-21 11:46:09.358 AM,2.4999269
2026-02-21 11:46:11.051 AM,2.4999268
2026-02-21 11:46:12.753 AM,2.4999269
2026-02-21 11:46:14.450 AM,2.4999276
2026-02-21 11:46:16.151 AM,2.4999268
2026-02-21 11:46:17.851 AM,2.4999271
2026-02-21 11:46:19.558 AM,2.4999275
2026-02-21 11:46:21.229 AM,2.4999268
2026-02-21 11:46:22.913 AM,2.499927
2026-02-21 11:46:24.613 AM,2.4999266
2026-02-21 11:46:26.305 AM,2.4999267
2026-02-21 11:46:27.982 AM,2.4999271
2026-02-21 11:46:29.668 AM,2.4999275
2026-02-21 11:46:31.365 AM,2.4999274
2026-02-21 11:46:33.071 AM,2.4999281
2026-02-21 11:46:34.766 AM,2.4999279
2026-02-21 11:46:36.460 AM,2.4999264
2026-02-21 11:46:38.152 AM,2.4999263
2026-02-21 11:46:39.848 AM,2.4999261
2026-02-21 11:46:41.550 AM,2.4999266
2026-02-21 11:46:43.251 AM,2.4999272
2026-02-21 11:46:44.931 AM,2.4999271
2026-02-21 11:46:46.635 AM,2.4999266
2026-02-21 11:46:48.317 AM,2.4999265
2026-02-21 11:46:50.022 AM,2.4999263
2026-02-21 11:46:51.710 AM,2.4999262
2026-02-21 11:46:53.399 AM,2.4999267
2026-02-21 11:46:55.079 AM,2.499927
2026-02-21 11:46:56.769 AM,2.4999263
2026-02-21 11:46:58.471 AM,2.4999262
2026-02-21 11:47:00.174 AM,2.4999256
2026-02-21 11:47:01.879 AM,2.4999265
2026-02-21 11:47:03.573 AM,2.4999261
2026-02-21 11:47:05.253 AM,2.4999267
2026-02-21 11:47:06.960 AM,2.4999263
2026-02-21 11:47:08.657 AM,2.4999264
2026-02-21 11:47:10.340 AM,2.4999259
2026-02-21 11:47:12.034 AM,2.4999256
2026-02-21 11:47:13.726 AM,2.4999261
2026-02-21 11:47:15.423 AM,2.4999262
2026-02-21 11:47:17.120 AM,2.4999262
2026-02-21 11:47:18.801 AM,2.4999262
2026-02-21 11:47:20.512 AM,2.4999255
2026-02-21 11:47:22.209 AM,2.4999256
2026-02-21 11:47:23.920 AM,2.4999257
2026-02-21 11:47:25.630 AM,2.4999259
2026-02-21 11:47:27.319 AM,2.4999256
2026-02-21 11:47:29.021 AM,2.4999254
2026-02-21 11:47:30.728 AM,2.4999256
2026-02-21 11:47:32.435 AM,2.4999264
2026-02-21 11:47:34.113 AM,2.499925
2026-02-21 11:47:35.813 AM,2.499926
2026-02-21 11:47:37.518 AM,2.4999265
2026-02-21 11:47:39.208 AM,2.4999262
2026-02-21 11:47:40.915 AM,2.4999262
2026-02-21 11:47:42.592 AM,2.4999266
2026-02-21 11:47:44.288 AM,2.4999264
2026-02-21 11:47:45.986 AM,2.4999257
2026-02-21 11:47:47.683 AM,2.4999265
2026-02-21 11:47:49.377 AM,2.4999261
2026-02-21 11:47:51.063 AM,2.4999261
2026-02-21 11:47:52.757 AM,2.4999264
2026-02-21 11:47:54.453 AM,2.4999264
2026-02-21 11:47:56.152 AM,2.499926
2026-02-21 11:47:57.846 AM,2.4999265
2026-02-21 11:47:59.527 AM,2.4999265
2026-02-21 11:48:01.221 AM,2.4999267
2026-02-21 11:48:02.925 AM,2.4999262
2026-02-21 11:48:04.628 AM,2.4999263
2026-02-21 11:48:06.321 AM,2.4999264
2026-02-21 11:48:08.016 AM,2.4999263
2026-02-21 11:48:09.700 AM,2.4999266
2026-02-21 11:48:11.386 AM,2.4999262
2026-02-21 11:48:13.071 AM,2.4999264
2026-02-21 11:48:14.745 AM,2.4999264
2026-02-21 11:48:16.439 AM,2.499927
2026-02-21 11:48:18.133 AM,2.4999265
2026-02-21 11:48:19.815 AM,2.4999269
2026-02-21 11:48:21.514 AM,2.4999263
2026-02-21 11:48:23.195 AM,2.4999275
2026-02-21 11:48:24.871 AM,2.4999269
2026-02-21 11:48:26.552 AM,2.4999263
2026-02-21 11:48:28.253 AM,2.4999262
2026-02-21 11:48:29.953 AM,2.4999258
2026-02-21 11:48:31.648 AM,2.4999266
2026-02-21 11:48:33.347 AM,2.4999265
2026-02-21 11:48:35.049 AM,2.4999262
2026-02-21 11:48:36.746 AM,2.4999263
2026-02-21 11:48:38.450 AM,2.4999266
2026-02-21 11:48:40.127 AM,2.4999266
2026-02-21 11:48:41.816 AM,2.4999266
2026-02-21 11:48:43.517 AM,2.4999263
2026-02-21 11:48:45.209 AM,2.4999264
2026-02-21 11:48:46.892 AM,2.4999271
2026-02-21 11:48:48.597 AM,2.4999267
2026-02-21 11:48:50.295 AM,2.4999264
2026-02-21 11:48:51.985 AM,2.4999262
2026-02-21 11:48:53.678 AM,2.4999254
2026-02-21 11:48:55.362 AM,2.4999263
2026-02-21 11:48:57.056 AM,2.4999269
2026-02-21 11:48:58.751 AM,2.4999262
2026-02-21 11:49:00.430 AM,2.4999266
2026-02-21 11:49:02.108 AM,2.499927
2026-02-21 11:49:03.801 AM,2.4999264
2026-02-21 11:49:05.491 AM,2.4999263
2026-02-21 11:49:07.168 AM,2.4999268
2026-02-21 11:49:08.859 AM,2.4999266
2026-02-21 11:49:10.532 AM,2.4999262
2026-02-21 11:49:12.213 AM,2.4999267
2026-02-21 11:49:13.910 AM,2.4999264
2026-02-21 11:49:15.591 AM,2.4999264
2026-02-21 11:49:17.292 AM,2.4999266
2026-02-21 11:49:18.997 AM,2.4999264
2026-02-21 11:49:20.694 AM,2.4999266
2026-02-21 11:49:22.394 AM,2.4999269
2026-02-21 11:49:24.099 AM,2.4999263
2026-02-21 11:49:25.805 AM,2.4999268
2026-02-21 11:49:27.499 AM,2.4999266
2026-02-21 11:49:29.178 AM,2.499926
2026-02-21 11:49:30.876 AM,2.4999262
2026-02-21 11:49:32.573 AM,2.499926
2026-02-21 11:49:34.266 AM,2.4999266
2026-02-21 11:49:35.959 AM,2.4999263
2026-02-21 11:49:37.654 AM,2.4999258
2026-02-21 11:49:39.338 AM,2.4999258
2026-02-21 11:49:41.025 AM,2.4999252
2026-02-21 11:49:42.714 AM,2.4999256
2026-02-21 11:49:44.390 AM,2.4999253
2026-02-21 11:49:46.085 AM,2.4999255
2026-02-21 11:49:47.785 AM,2.4999257
2026-02-21 11:49:49.493 AM,2.4999255
2026-02-21 11:49:51.190 AM,2.4999261
2026-02-21 11:49:52.896 AM,2.4999259
2026-02-21 11:49:54.594 AM,2.4999256
2026-02-21 11:49:56.269 AM,2.4999254
2026-02-21 11:49:57.952 AM,2.4999255
2026-02-21 11:49:59.643 AM,2.4999257
2026-02-21 11:50:01.345 AM,2.4999251
2026-02-21 11:50:03.021 AM,2.4999254
2026-02-21 11:50:04.725 AM,2.4999251
2026-02-21 11:50:06.406 AM,2.4999258
2026-02-21 11:50:08.097 AM,2.4999251
2026-02-21 11:50:09.803 AM,2.4999253
2026-02-21 11:50:11.504 AM,2.4999257
2026-02-21 11:50:13.202 AM,2.4999256
2026-02-21 11:50:14.897 AM,2.4999256
2026-02-21 11:50:16.572 AM,2.499926
2026-02-21 11:50:18.266 AM,2.4999252
2026-02-21 11:50:19.966 AM,2.4999258
2026-02-21 11:50:21.663 AM,2.4999251
2026-02-21 11:50:23.365 AM,2.4999257
2026-02-21 11:50:25.064 AM,2.4999249
2026-02-21 11:50:26.774 AM,2.4999252
2026-02-21 11:50:28.453 AM,2.4999257
2026-02-21 11:50:30.132 AM,2.499925
2026-02-21 11:50:31.827 AM,2.4999247
2026-02-21 11:50:33.522 AM,2.4999249
2026-02-21 11:50:35.223 AM,2.4999257
2026-02-21 11:50:36.910 AM,2.4999256
2026-02-21 11:50:38.608 AM,2.4999261
2026-02-21 11:50:40.301 AM,2.4999256
2026-02-21 11:50:41.991 AM,2.4999254
2026-02-21 11:50:43.697 AM,2.4999254
2026-02-21 11:50:45.381 AM,2.4999247
2026-02-21 11:50:47.063 AM,2.4999254
2026-02-21 11:50:48.753 AM,2.499925
2026-02-21 11:50:50.451 AM,2.4999256
2026-02-21 11:50:52.150 AM,2.4999257
2026-02-21 11:50:53.825 AM,2.4999256
2026-02-21 11:50:55.520 AM,2.499926
2026-02-21 11:50:57.220 AM,2.4999257
2026-02-21 11:50:58.898 AM,2.4999255
2026-02-21 11:51:00.599 AM,2.4999261
2026-02-21 11:51:02.277 AM,2.4999258
2026-02-21 11:51:03.953 AM,2.4999258
2026-02-21 11:51:05.651 AM,2.4999255
2026-02-21 11:51:07.333 AM,2.4999258
2026-02-21 11:51:09.031 AM,2.4999253
2026-02-21 11:51:10.716 AM,2.4999255
2026-02-21 11:51:12.412 AM,2.4999255
2026-02-21 11:51:14.127 AM,2.499925
2026-02-21 11:51:15.832 AM,2.4999256
2026-02-21 11:51:17.510 AM,2.4999254
2026-02-21 11:51:19.203 AM,2.499926
2026-02-21 11:51:20.897 AM,2.4999255
2026-02-21 11:51:22.585 AM,2.499926
2026-02-21 11:51:24.288 AM,2.4999259
2026-02-21 11:51:25.992 AM,2.4999255
2026-02-21 11:51:27.686 AM,2.4999254
2026-02-21 11:51:29.402 AM,2.4999256
2026-02-21 11:51:31.076 AM,2.4999257
2026-02-21 11:51:32.759 AM,2.4999257
2026-02-21 11:51:34.441 AM,2.4999247
2026-02-21 11:51:36.121 AM,2.4999257
2026-02-21 11:51:37.807 AM,2.4999259
2026-02-21 11:51:39.491 AM,2.4999257
2026-02-21 11:51:41.172 AM,2.4999255
2026-02-21 11:51:42.871 AM,2.4999258
2026-02-21 11:51:44.547 AM,2.4999252
2026-02-21 11:51:46.246 AM,2.499926
2026-02-21 11:51:47.936 AM,2.4999257
2026-02-21 11:51:49.628 AM,2.4999251
2026-02-21 11:51:51.331 AM,2.4999256
2026-02-21 11:51:53.009 AM,2.4999258
2026-02-21 11:51:54.691 AM,2.4999256
2026-02-21 11:51:56.391 AM,2.4999254
2026-02-21 11:51:58.098 AM,2.4999254
2026-02-21 11:51:59.773 AM,2.499926
2026-02-21 11:52:01.482 AM,2.4999259
2026-02-21 11:52:03.158 AM,2.4999249
2026-02-21 11:52:04.858 AM,2.4999256
2026-02-21 11:52:06.548 AM,2.4999247
2026-02-21 11:52:08.248 AM,2.4999254
2026-02-21 11:52:09.947 AM,2.4999257
2026-02-21 11:52:11.639 AM,2.4999258
2026-02-21 11:52:13.331 AM,2.499925
2026-02-21 11:52:15.033 AM,2.4999248
2026-02-21 11:52:16.736 AM,2.499925
2026-02-21 11:52:18.406 AM,2.4999257
2026-02-21 11:52:20.101 AM,2.4999257
2026-02-21 11:52:21.782 AM,2.4999261
2026-02-21 11:52:23.484 AM,2.4999254
2026-02-21 11:52:25.181 AM,2.4999257
2026-02-21 11:52:26.891 AM,2.4999255
2026-02-21 11:52:28.581 AM,2.4999259
2026-02-21 11:52:30.255 AM,2.4999242
2026-02-21 11:52:31.953 AM,2.4999252
2026-02-21 11:52:33.640 AM,2.4999256
2026-02-21 11:52:35.322 AM,2.499925
2026-02-21 11:52:37.019 AM,2.4999258
2026-02-21 11:52:38.700 AM,2.4999255
2026-02-21 11:52:40.402 AM,2.4999259
2026-02-21 11:52:42.099 AM,2.4999251
2026-02-21 11:52:43.799 AM,2.4999253
2026-02-21 11:52:45.503 AM,2.4999248
2026-02-21 11:52:47.201 AM,2.499925
2026-02-21 11:52:48.904 AM,2.4999247
2026-02-21 11:52:50.592 AM,2.4999248
2026-02-21 11:52:52.274 AM,2.4999248
2026-02-21 11:52:53.956 AM,2.4999251
2026-02-21 11:52:55.662 AM,2.4999249
2026-02-21 11:52:57.370 AM,2.4999257
2026-02-21 11:52:59.062 AM,2.4999253
2026-02-21 11:53:00.753 AM,2.499925
2026-02-21 11:53:02.435 AM,2.4999253
2026-02-21 11:53:04.112 AM,2.4999254
2026-02-21 11:53:05.808 AM,2.4999256
2026-02-21 11:53:07.493 AM,2.4999252
2026-02-21 11:53:09.192 AM,2.4999247
2026-02-21 11:53:10.889 AM,2.4999254
2026-02-21 11:53:12.585 AM,2.4999256
2026-02-21 11:53:14.273 AM,2.4999256
2026-02-21 11:53:15.975 AM,2.4999253
2026-02-21 11:53:17.679 AM,2.4999264
2026-02-21 11:53:19.382 AM,2.4999258
2026-02-21 11:53:21.080 AM,2.4999258
2026-02-21 11:53:22.775 AM,2.4999254
2026-02-21 11:53:24.483 AM,2.4999255
2026-02-21 11:53:26.181 AM,2.4999264
2026-02-21 11:53:27.865 AM,2.4999261
2026-02-21 11:53:29.560 AM,2.499926
2026-02-21 11:53:31.266 AM,2.4999257
2026-02-21 11:53:32.967 AM,2.4999254
2026-02-21 11:53:34.665 AM,2.4999252
2026-02-21 11:53:36.365 AM,2.4999262
2026-02-21 11:53:38.075 AM,2.4999258
2026-02-21 11:53:39.772 AM,2.4999257
2026-02-21 11:53:41.469 AM,2.4999265
2026-02-21 11:53:43.166 AM,2.4999257
2026-02-21 11:53:44.863 AM,2.4999256
2026-02-21 11:53:46.560 AM,2.4999258
2026-02-21 11:53:48.255 AM,2.4999262
2026-02-21 11:53:49.952 AM,2.4999265
2026-02-21 11:53:51.649 AM,2.4999265
2026-02-21 11:53:53.349 AM,2.4999256
2026-02-21 11:53:55.053 AM,2.4999257
2026-02-21 11:53:56.735 AM,2.4999258
2026-02-21 11:53:58.444 AM,2.4999256
2026-02-21 11:54:00.133 AM,2.4999256
2026-02-21 11:54:01.828 AM,2.4999258
2026-02-21 11:54:03.534 AM,2.4999254
2026-02-21 11:54:05.246 AM,2.499926
2026-02-21 11:54:06.945 AM,2.4999264
2026-02-21 11:54:08.650 AM,2.4999254
2026-02-21 11:54:10.325 AM,2.4999253
2026-02-21 11:54:12.024 AM,2.4999261
2026-02-21 11:54:13.717 AM,2.4999256
2026-02-21 11:54:15.431 AM,2.4999249
2026-02-21 11:54:17.131 AM,2.4999254
2026-02-21 11:54:18.832 AM,2.4999259
2026-02-21 11:54:20.526 AM,2.4999259
2026-02-21 11:54:22.209 AM,2.4999259
2026-02-21 11:54:23.903 AM,2.4999258
2026-02-21 11:54:25.615 AM,2.4999255
2026-02-21 11:54:27.318 AM,2.4999254
2026-02-21 11:54:29.022 AM,2.4999259
2026-02-21 11:54:30.723 AM,2.4999267
2026-02-21 11:54:32.412 AM,2.4999262
2026-02-21 11:54:34.098 AM,2.4999265
2026-02-21 11:54:35.795 AM,2.499926
2026-02-21 11:54:37.488 AM,2.4999254
2026-02-21 11:54:39.178 AM,2.4999267
2026-02-21 11:54:40.862 AM,2.4999257
2026-02-21 11:54:42.566 AM,2.4999263
2026-02-21 11:54:44.259 AM,2.4999265
2026-02-21 11:54:45.963 AM,2.4999269
2026-02-21 11:54:47.650 AM,2.4999265
2026-02-21 11:54:49.359 AM,2.4999261
2026-02-21 11:54:51.048 AM,2.4999262
2026-02-21 11:54:52.749 AM,2.4999265
2026-02-21 11:54:54.440 AM,2.4999267
2026-02-21 11:54:56.123 AM,2.4999273
2026-02-21 11:54:57.820 AM,2.4999269
2026-02-21 11:54:59.529 AM,2.4999269
2026-02-21 11:55:01.229 AM,2.4999269
2026-02-21 11:55:02.929 AM,2.4999275
2026-02-21 11:55:04.646 AM,2.4999266
2026-02-21 11:55:06.347 AM,2.4999273
2026-02-21 11:55:08.052 AM,2.4999267
2026-02-21 11:55:09.759 AM,2.4999278
2026-02-21 11:55:11.457 AM,2.4999273
2026-02-21 11:55:13.134 AM,2.4999273
2026-02-21 11:55:14.818 AM,2.4999274
2026-02-21 11:55:16.523 AM,2.4999272
2026-02-21 11:55:18.207 AM,2.4999276
2026-02-21 11:55:19.909 AM,2.499928
2026-02-21 11:55:21.609 AM,2.4999279
2026-02-21 11:55:23.307 AM,2.4999269
2026-02-21 11:55:25.011 AM,2.499927
2026-02-21 11:55:26.704 AM,2.4999275
2026-02-21 11:55:28.380 AM,2.4999275
2026-02-21 11:55:30.079 AM,2.4999276
2026-02-21 11:55:31.784 AM,2.4999278
2026-02-21 11:55:33.480 AM,2.4999273
2026-02-21 11:55:35.167 AM,2.4999269
2026-02-21 11:55:36.870 AM,2.4999272
2026-02-21 11:55:38.566 AM,2.499927
2026-02-21 11:55:40.264 AM,2.499927
2026-02-21 11:55:41.958 AM,2.4999267
2026-02-21 11:55:43.659 AM,2.499927
2026-02-21 11:55:45.350 AM,2.4999273
2026-02-21 11:55:47.032 AM,2.499927
2026-02-21 11:55:48.726 AM,2.499927
2026-02-21 11:55:50.411 AM,2.4999262
2026-02-21 11:55:52.107 AM,2.4999263
2026-02-21 11:55:53.824 AM,2.4999269
2026-02-21 11:55:55.520 AM,2.4999269
2026-02-21 11:55:57.227 AM,2.4999266
2026-02-21 11:55:58.933 AM,2.4999264
2026-02-21 11:56:00.630 AM,2.4999264
2026-02-21 11:56:02.324 AM,2.4999264
2026-02-21 11:56:04.019 AM,2.4999262
2026-02-21 11:56:05.707 AM,2.4999261
2026-02-21 11:56:07.417 AM,2.4999269
2026-02-21 11:56:09.103 AM,2.4999267
2026-02-21 11:56:10.806 AM,2.4999264
2026-02-21 11:56:12.502 AM,2.4999268
2026-02-21 11:56:14.203 AM,2.499927
2026-02-21 11:56:15.879 AM,2.4999273
2026-02-21 11:56:17.575 AM,2.4999265
2026-02-21 11:56:19.271 AM,2.4999263
2026-02-21 11:56:20.969 AM,2.4999266
2026-02-21 11:56:22.666 AM,2.4999267
2026-02-21 11:56:24.352 AM,2.499926
2026-02-21 11:56:26.058 AM,2.4999262
2026-02-21 11:56:27.756 AM,2.499926
2026-02-21 11:56:29.453 AM,2.4999263
2026-02-21 11:56:31.143 AM,2.4999264
2026-02-21 11:56:32.854 AM,2.4999258
2026-02-21 11:56:34.545 AM,2.4999273
2026-02-21 11:56:36.249 AM,2.4999264
2026-02-21 11:56:37.930 AM,2.4999267
2026-02-21 11:56:39.642 AM,2.4999266
2026-02-21 11:56:41.353 AM,2.4999266
2026-02-21 11:56:43.034 AM,2.499926
2026-02-21 11:56:44.735 AM,2.4999269
2026-02-21 11:56:46.414 AM,2.4999265
2026-02-21 11:56:48.111 AM,2.4999266
2026-02-21 11:56:49.793 AM,2.4999263
2026-02-21 11:56:51.491 AM,2.4999266
2026-02-21 11:56:53.191 AM,2.4999265
2026-02-21 11:56:54.899 AM,2.4999267
2026-02-21 11:56:56.604 AM,2.4999269
2026-02-21 11:56:58.299 AM,2.4999268
2026-02-21 11:56:59.977 AM,2.499927
2026-02-21 11:57:01.654 AM,2.4999271
2026-02-21 11:57:03.344 AM,2.4999271
2026-02-21 11:57:05.044 AM,2.499927
2026-02-21 11:57:06.738 AM,2.4999263
2026-02-21 11:57:08.438 AM,2.4999267
2026-02-21 11:57:10.127 AM,2.4999266
2026-02-21 11:57:11.832 AM,2.4999264
2026-02-21 11:57:13.533 AM,2.4999264
2026-02-21 11:57:15.225 AM,2.499927
2026-02-21 11:57:16.922 AM,2.4999269
2026-02-21 11:57:18.629 AM,2.4999269
2026-02-21 11:57:20.322 AM,2.4999275
2026-02-21 11:57:22.009 AM,2.4999265
2026-02-21 11:57:23.683 AM,2.4999267
2026-02-21 11:57:25.386 AM,2.4999275
2026-02-21 11:57:27.082 AM,2.4999273
2026-02-21 11:57:28.792 AM,2.4999265
2026-02-21 11:57:30.481 AM,2.4999269
2026-02-21 11:57:32.181 AM,2.4999269
2026-02-21 11:57:33.884 AM,2.4999273
2026-02-21 11:57:35.568 AM,2.4999267
2026-02-21 11:57:37.249 AM,2.4999274
2026-02-21 11:57:38.955 AM,2.4999278
2026-02-21 11:57:40.647 AM,2.4999274
2026-02-21 11:57:42.341 AM,2.4999269
2026-02-21 11:57:44.027 AM,2.4999269
2026-02-21 11:57:45.726 AM,2.4999267
2026-02-21 11:57:47.425 AM,2.4999273
2026-02-21 11:57:49.121 AM,2.4999275
2026-02-21 11:57:50.822 AM,2.4999268
2026-02-21 11:57:52.518 AM,2.499927
2026-02-21 11:57:54.215 AM,2.4999275
2026-02-21 11:57:55.901 AM,2.4999266
2026-02-21 11:57:57.579 AM,2.499927
2026-02-21 11:57:59.274 AM,2.4999267
2026-02-21 11:58:00.974 AM,2.4999274
2026-02-21 11:58:02.688 AM,2.4999276
2026-02-21 11:58:04.375 AM,2.4999267
2026-02-21 11:58:06.070 AM,2.4999278
2026-02-21 11:58:07.749 AM,2.4999274
2026-02-21 11:58:09.453 AM,2.4999272
2026-02-21 11:58:11.155 AM,2.4999275
2026-02-21 11:58:12.855 AM,2.4999277
2026-02-21 11:58:14.554 AM,2.4999271
2026-02-21 11:58:16.234 AM,2.4999273
2026-02-21 11:58:17.913 AM,2.4999282
2026-02-21 11:58:19.600 AM,2.4999277
2026-02-21 11:58:21.280 AM,2.499927
2026-02-21 11:58:22.986 AM,2.4999277
2026-02-21 11:58:24.683 AM,2.4999268
2026-02-21 11:58:26.379 AM,2.4999268
2026-02-21 11:58:28.073 AM,2.4999277
2026-02-21 11:58:29.768 AM,2.4999277
2026-02-21 11:58:31.477 AM,2.4999276
2026-02-21 11:58:33.179 AM,2.4999271
2026-02-21 11:58:34.874 AM,2.499927
2026-02-21 11:58:36.579 AM,2.4999274
2026-02-21 11:58:38.285 AM,2.4999277
2026-02-21 11:58:39.983 AM,2.4999276
2026-02-21 11:58:41.680 AM,2.4999277
2026-02-21 11:58:43.388 AM,2.4999277
2026-02-21 11:58:45.066 AM,2.4999279
2026-02-21 11:58:46.762 AM,2.4999277
2026-02-21 11:58:48.466 AM,2.499927
2026-02-21 11:58:50.170 AM,2.4999272
2026-02-21 11:58:51.881 AM,2.4999271
2026-02-21 11:58:53.572 AM,2.499927
2026-02-21 11:58:55.249 AM,2.499927
2026-02-21 11:58:56.949 AM,2.4999269
2026-02-21 11:58:58.651 AM,2.4999275
2026-02-21 11:59:00.345 AM,2.4999277
2026-02-21 11:59:02.031 AM,2.4999271
2026-02-21 11:59:03.728 AM,2.499927
2026-02-21 11:59:05.426 AM,2.4999269
2026-02-21 11:59:07.133 AM,2.4999276
2026-02-21 11:59:08.813 AM,2.4999268
2026-02-21 11:59:10.498 AM,2.4999273
2026-02-21 11:59:12.176 AM,2.4999274
2026-02-21 11:59:13.860 AM,2.4999271
2026-02-21 11:59:15.563 AM,2.4999276
2026-02-21 11:59:17.239 AM,2.4999273
2026-02-21 11:59:18.943 AM,2.4999275
2026-02-21 11:59:20.626 AM,2.4999272
2026-02-21 11:59:22.319 AM,2.4999267
2026-02-21 11:59:24.021 AM,2.4999271
2026-02-21 11:59:25.696 AM,2.4999277
2026-02-21 11:59:27.399 AM,2.4999272
2026-02-21 11:59:29.113 AM,2.4999272
2026-02-21 11:59:30.791 AM,2.4999273
2026-02-21 11:59:32.477 AM,2.4999273
2026-02-21 11:59:34.175 AM,2.4999277
2026-02-21 11:59:35.877 AM,2.4999277
2026-02-21 11:59:37.556 AM,2.4999273
2026-02-21 11:59:39.254 AM,2.4999277
2026-02-21 11:59:40.950 AM,2.4999277
2026-02-21 11:59:42.648 AM,2.4999275
2026-02-21 11:59:44.351 AM,2.4999269
2026-02-21 11:59:46.051 AM,2.499927
2026-02-21 11:59:47.734 AM,2.4999278
2026-02-21 11:59:49.414 AM,2.4999273
2026-02-21 11:59:51.096 AM,2.4999279
2026-02-21 11:59:52.809 AM,2.4999272
2026-02-21 11:59:54.515 AM,2.4999275
2026-02-21 11:59:56.194 AM,2.4999276
2026-02-21 11:59:57.905 AM,2.4999279
2026-02-21 11:59:59.605 AM,2.4999274
2026-02-21 12:00:01.308 PM,2.4999278
2026-02-21 12:00:03.006 PM,2.4999277
2026-02-21 12:00:04.706 PM,2.499928
2026-02-21 12:00:06.403 PM,2.4999275
2026-02-21 12:00:08.107 PM,2.4999274
2026-02-21 12:00:09.786 PM,2.499928
2026-02-21 12:00:11.481 PM,2.4999276
2026-02-21 12:00:13.161 PM,2.4999278
2026-02-21 12:00:14.862 PM,2.4999276
2026-02-21 12:00:16.561 PM,2.4999273
2026-02-21 12:00:18.283 PM,2.4999275
2026-02-21 12:00:19.979 PM,2.4999276
2026-02-21 12:00:21.668 PM,2.4999279
2026-02-21 12:00:23.376 PM,2.4999277
2026-02-21 12:00:25.071 PM,2.4999278
2026-02-21 12:00:26.766 PM,2.4999273
2026-02-21 12:00:28.456 PM,2.4999275
2026-02-21 12:00:30.133 PM,2.4999272
2026-02-21 12:00:31.841 PM,2.4999275
2026-02-21 12:00:33.550 PM,2.4999268
2026-02-21 12:00:35.254 PM,2.4999278
2026-02-21 12:00:36.955 PM,2.4999276
2026-02-21 12:00:38.652 PM,2.4999276
2026-02-21 12:00:40.354 PM,2.4999271
2026-02-21 12:00:42.059 PM,2.4999272
2026-02-21 12:00:43.760 PM,2.4999282
2026-02-21 12:00:45.459 PM,2.4999276
2026-02-21 12:00:47.165 PM,2.4999274
2026-02-21 12:00:48.854 PM,2.4999274
2026-02-21 12:00:50.557 PM,2.4999278
2026-02-21 12:00:52.235 PM,2.4999276
2026-02-21 12:00:53.929 PM,2.4999277
2026-02-21 12:00:55.614 PM,2.4999272
2026-02-21 12:00:57.295 PM,2.4999279
2026-02-21 12:00:59.010 PM,2.4999278
2026-02-21 12:01:00.712 PM,2.4999282
2026-02-21 12:01:02.411 PM,2.499928
2026-02-21 12:01:04.117 PM,2.4999271
2026-02-21 12:01:05.829 PM,2.4999271
2026-02-21 12:01:07.534 PM,2.4999279
2026-02-21 12:01:09.249 PM,2.4999273
2026-02-21 12:01:10.960 PM,2.4999273
2026-02-21 12:01:12.664 PM,2.4999275
2026-02-21 12:01:14.354 PM,2.4999277
2026-02-21 12:01:16.041 PM,2.4999275
2026-02-21 12:01:17.726 PM,2.4999279
2026-02-21 12:01:19.420 PM,2.4999287
2026-02-21 12:01:21.102 PM,2.499928
2026-02-21 12:01:22.797 PM,2.4999284
2026-02-21 12:01:24.505 PM,2.4999277
2026-02-21 12:01:26.214 PM,2.4999277
2026-02-21 12:01:27.889 PM,2.4999277
2026-02-21 12:01:29.570 PM,2.4999283
2026-02-21 12:01:31.273 PM,2.4999272
2026-02-21 12:01:32.964 PM,2.4999275
2026-02-21 12:01:34.645 PM,2.4999271
2026-02-21 12:01:36.336 PM,2.4999278
2026-02-21 12:01:38.016 PM,2.4999274
2026-02-21 12:01:39.710 PM,2.4999272
2026-02-21 12:01:41.390 PM,2.4999273
2026-02-21 12:01:43.093 PM,2.4999275
2026-02-21 12:01:44.795 PM,2.4999271
2026-02-21 12:01:46.500 PM,2.4999274
2026-02-21 12:01:48.214 PM,2.4999283
2026-02-21 12:01:49.916 PM,2.4999275
2026-02-21 12:01:51.619 PM,2.499928
2026-02-21 12:01:53.313 PM,2.4999279
2026-02-21 12:01:54.993 PM,2.4999275
2026-02-21 12:01:56.701 PM,2.4999272
2026-02-21 12:01:58.401 PM,2.4999283
2026-02-21 12:02:00.088 PM,2.4999279
2026-02-21 12:02:01.789 PM,2.499928
2026-02-21 12:02:03.480 PM,2.4999271
2026-02-21 12:02:05.160 PM,2.4999276
2026-02-21 12:02:06.839 PM,2.4999274
2026-02-21 12:02:08.531 PM,2.4999278
2026-02-21 12:02:10.210 PM,2.4999271
2026-02-21 12:02:11.892 PM,2.4999284
2026-02-21 12:02:13.580 PM,2.4999278
2026-02-21 12:02:15.288 PM,2.4999277
2026-02-21 12:02:16.969 PM,2.4999274
2026-02-21 12:02:18.674 PM,2.4999277
2026-02-21 12:02:20.358 PM,2.4999276
2026-02-21 12:02:22.045 PM,2.4999275
2026-02-21 12:02:23.745 PM,2.499928
2026-02-21 12:02:25.452 PM,2.4999271
2026-02-21 12:02:27.135 PM,2.4999275
2026-02-21 12:02:28.820 PM,2.4999272
2026-02-21 12:02:30.526 PM,2.4999283
2026-02-21 12:02:32.224 PM,2.4999277
2026-02-21 12:02:33.936 PM,2.4999275
2026-02-21 12:02:35.616 PM,2.4999278
2026-02-21 12:02:37.316 PM,2.4999276
2026-02-21 12:02:39.014 PM,2.4999275
2026-02-21 12:02:40.709 PM,2.4999275
2026-02-21 12:02:42.388 PM,2.4999276
2026-02-21 12:02:44.091 PM,2.4999273
2026-02-21 12:02:45.780 PM,2.4999278
2026-02-21 12:02:47.477 PM,2.4999272
2026-02-21 12:02:49.187 PM,2.4999285
2026-02-21 12:02:50.904 PM,2.4999279
2026-02-21 12:02:52.617 PM,2.4999274
2026-02-21 12:02:54.311 PM,2.4999272
2026-02-21 12:02:56.002 PM,2.4999279
2026-02-21 12:02:57.693 PM,2.4999272
2026-02-21 12:02:59.375 PM,2.499927
2026-02-21 12:03:01.056 PM,2.4999271
2026-02-21 12:03:02.760 PM,2.4999274
2026-02-21 12:03:04.445 PM,2.4999276
2026-02-21 12:03:06.142 PM,2.4999277
2026-02-21 12:03:07.836 PM,2.4999276
2026-02-21 12:03:09.519 PM,2.4999272
2026-02-21 12:03:11.221 PM,2.499927
2026-02-21 12:03:12.927 PM,2.4999281
2026-02-21 12:03:14.628 PM,2.4999272
2026-02-21 12:03:16.328 PM,2.4999274
2026-02-21 12:03:18.008 PM,2.4999271
2026-02-21 12:03:19.703 PM,2.4999281
2026-02-21 12:03:21.408 PM,2.4999276
2026-02-21 12:03:23.087 PM,2.4999279
2026-02-21 12:03:24.779 PM,2.4999275
2026-02-21 12:03:26.458 PM,2.4999275
2026-02-21 12:03:28.161 PM,2.4999274
2026-02-21 12:03:29.852 PM,2.4999276
2026-02-21 12:03:31.560 PM,2.4999275
2026-02-21 12:03:33.257 PM,2.4999276
2026-02-21 12:03:34.960 PM,2.4999272
2026-02-21 12:03:36.636 PM,2.499928
2026-02-21 12:03:38.338 PM,2.4999271
2026-02-21 12:03:40.046 PM,2.4999273
2026-02-21 12:03:41.741 PM,2.4999283
2026-02-21 12:03:43.435 PM,2.499928
2026-02-21 12:03:45.142 PM,2.4999281
2026-02-21 12:03:46.835 PM,2.4999273
2026-02-21 12:03:48.540 PM,2.4999276
2026-02-21 12:03:50.234 PM,2.4999271
2026-02-21 12:03:51.927 PM,2.4999276
2026-02-21 12:03:53.619 PM,2.4999275
2026-02-21 12:03:55.317 PM,2.4999268
2026-02-21 12:03:57.001 PM,2.4999279
2026-02-21 12:03:58.704 PM,2.4999277
2026-02-21 12:04:00.418 PM,2.4999275
2026-02-21 12:04:02.118 PM,2.499928
2026-02-21 12:04:03.820 PM,2.4999278
2026-02-21 12:04:05.521 PM,2.4999277
2026-02-21 12:04:07.214 PM,2.4999273
2026-02-21 12:04:08.914 PM,2.4999276
2026-02-21 12:04:10.616 PM,2.4999275
2026-02-21 12:04:12.320 PM,2.4999283
2026-02-21 12:04:14.012 PM,2.4999282
2026-02-21 12:04:15.714 PM,2.4999276
2026-02-21 12:04:17.394 PM,2.4999277
2026-02-21 12:04:19.098 PM,2.4999277
2026-02-21 12:04:20.787 PM,2.4999282
2026-02-21 12:04:22.492 PM,2.4999278
2026-02-21 12:04:24.186 PM,2.4999279
2026-02-21 12:04:25.868 PM,2.4999283
2026-02-21 12:04:27.566 PM,2.4999277
2026-02-21 12:04:29.263 PM,2.499928
2026-02-21 12:04:30.952 PM,2.4999284
2026-02-21 12:04:32.657 PM,2.4999274
2026-02-21 12:04:34.354 PM,2.4999274
2026-02-21 12:04:36.032 PM,2.4999285
2026-02-21 12:04:37.716 PM,2.4999279
2026-02-21 12:04:39.418 PM,2.499928
2026-02-21 12:04:41.123 PM,2.4999275
2026-02-21 12:04:42.824 PM,2.4999281
2026-02-21 12:04:44.526 PM,2.4999274
2026-02-21 12:04:46.232 PM,2.4999279
2026-02-21 12:04:47.940 PM,2.4999283
2026-02-21 12:04:49.650 PM,2.4999283
2026-02-21 12:04:51.358 PM,2.4999272
2026-02-21 12:04:53.065 PM,2.4999275
2026-02-21 12:04:54.768 PM,2.4999272
2026-02-21 12:04:56.451 PM,2.4999277
2026-02-21 12:04:58.136 PM,2.4999279
2026-02-21 12:04:59.827 PM,2.4999277
2026-02-21 12:05:01.521 PM,2.4999277
2026-02-21 12:05:03.202 PM,2.4999282
2026-02-21 12:05:04.880 PM,2.4999282
2026-02-21 12:05:06.570 PM,2.4999278
2026-02-21 12:05:08.268 PM,2.4999283
2026-02-21 12:05:09.965 PM,2.4999275
2026-02-21 12:05:11.666 PM,2.499928
2026-02-21 12:05:13.364 PM,2.4999278
2026-02-21 12:05:15.073 PM,2.4999271
2026-02-21 12:05:16.768 PM,2.4999279
2026-02-21 12:05:18.471 PM,2.4999281
2026-02-21 12:05:20.154 PM,2.4999277
2026-02-21 12:05:21.854 PM,2.4999277
2026-02-21 12:05:23.554 PM,2.499928
2026-02-21 12:05:25.241 PM,2.4999278
2026-02-21 12:05:26.931 PM,2.4999276
2026-02-21 12:05:28.634 PM,2.4999281
2026-02-21 12:05:30.309 PM,2.4999283
2026-02-21 12:05:32.010 PM,2.4999281
2026-02-21 12:05:33.695 PM,2.4999277
2026-02-21 12:05:35.375 PM,2.4999279
2026-02-21 12:05:37.072 PM,2.4999279
2026-02-21 12:05:38.782 PM,2.4999275
2026-02-21 12:05:40.487 PM,2.4999274
2026-02-21 12:05:42.171 PM,2.4999268
2026-02-21 12:05:43.867 PM,2.499927
2026-02-21 12:05:45.565 PM,2.4999278
2026-02-21 12:05:47.256 PM,2.4999276
2026-02-21 12:05:48.937 PM,2.4999271
2026-02-21 12:05:50.651 PM,2.4999272
2026-02-21 12:05:52.354 PM,2.4999272
2026-02-21 12:05:54.042 PM,2.499927
2026-02-21 12:05:55.721 PM,2.4999278
2026-02-21 12:05:57.428 PM,2.4999274
2026-02-21 12:05:59.108 PM,2.4999276
2026-02-21 12:06:00.799 PM,2.4999275
2026-02-21 12:06:02.502 PM,2.4999272
2026-02-21 12:06:04.197 PM,2.4999278
2026-02-21 12:06:05.896 PM,2.4999266
2026-02-21 12:06:07.605 PM,2.4999275
2026-02-21 12:06:09.310 PM,2.4999278
2026-02-21 12:06:11.014 PM,2.499927
2026-02-21 12:06:12.729 PM,2.4999272
2026-02-21 12:06:14.425 PM,2.4999275
2026-02-21 12:06:16.134 PM,2.4999281
2026-02-21 12:06:17.830 PM,2.4999287
2026-02-21 12:06:19.528 PM,2.4999286
2026-02-21 12:06:21.209 PM,2.4999275
2026-02-21 12:06:22.896 PM,2.4999281
2026-02-21 12:06:24.590 PM,2.4999285
2026-02-21 12:06:26.284 PM,2.4999276
2026-02-21 12:06:27.969 PM,2.4999278
2026-02-21 12:06:29.673 PM,2.4999282
2026-02-21 12:06:31.372 PM,2.4999283
2026-02-21 12:06:33.079 PM,2.4999284
2026-02-21 12:06:34.765 PM,2.4999279
2026-02-21 12:06:36.458 PM,2.4999283
2026-02-21 12:06:38.143 PM,2.4999278
2026-02-21 12:06:39.813 PM,2.499928
2026-02-21 12:06:41.504 PM,2.4999275
2026-02-21 12:06:43.198 PM,2.4999279
2026-02-21 12:06:44.899 PM,2.4999273
2026-02-21 12:06:46.577 PM,2.4999274
2026-02-21 12:06:48.280 PM,2.4999279
2026-02-21 12:06:49.954 PM,2.499928
2026-02-21 12:06:51.648 PM,2.4999282
2026-02-21 12:06:53.346 PM,2.4999277
2026-02-21 12:06:55.044 PM,2.499928
2026-02-21 12:06:56.720 PM,2.4999278
2026-02-21 12:06:58.430 PM,2.4999277
2026-02-21 12:07:00.126 PM,2.4999272
2026-02-21 12:07:01.833 PM,2.4999285
2026-02-21 12:07:03.538 PM,2.4999277
2026-02-21 12:07:05.230 PM,2.4999276
2026-02-21 12:07:06.912 PM,2.4999278
2026-02-21 12:07:08.609 PM,2.4999276
2026-02-21 12:07:10.303 PM,2.4999272
2026-02-21 12:07:12.005 PM,2.499927
2026-02-21 12:07:13.706 PM,2.499928
2026-02-21 12:07:15.386 PM,2.4999278
2026-02-21 12:07:17.071 PM,2.499928
2026-02-21 12:07:18.748 PM,2.4999276
2026-02-21 12:07:20.425 PM,2.4999283
2026-02-21 12:07:22.132 PM,2.4999278
2026-02-21 12:07:23.831 PM,2.4999283
2026-02-21 12:07:25.528 PM,2.4999274
2026-02-21 12:07:27.227 PM,2.4999279
2026-02-21 12:07:28.926 PM,2.4999279
2026-02-21 12:07:30.610 PM,2.4999273
2026-02-21 12:07:32.306 PM,2.4999277
2026-02-21 12:07:33.987 PM,2.4999272
2026-02-21 12:07:35.686 PM,2.4999278
2026-02-21 12:07:37.387 PM,2.4999274
2026-02-21 12:07:39.086 PM,2.4999278
2026-02-21 12:07:40.781 PM,2.4999276
2026-02-21 12:07:42.481 PM,2.4999268
