2026-02-27 8:44:20.810 PM,2.50005358
2026-02-27 8:44:27.835 PM,2.50005379
2026-02-27 8:44:34.853 PM,2.50005372
2026-02-27 8:44:41.870 PM,2.50005396
2026-02-27 8:44:48.876 PM,2.50005373
2026-02-27 8:44:55.894 PM,2.5000536
2026-02-27 8:45:02.913 PM,2.50005338
2026-02-27 8:45:09.928 PM,2.50005341
2026-02-27 8:45:16.947 PM,2.50005341
2026-02-27 8:45:23.952 PM,2.5000536
2026-02-27 8:45:30.966 PM,2.50005373
2026-02-27 8:45:37.964 PM,2.50005374
2026-02-27 8:45:44.986 PM,2.50005355
2026-02-27 8:45:51.987 PM,2.50005348
2026-02-27 8:45:58.999 PM,2.50005331
2026-02-27 8:46:06.010 PM,2.50005388
2026-02-27 8:46:13.030 PM,2.50005372
2026-02-27 8:46:20.047 PM,2.50005355
2026-02-27 8:46:27.070 PM,2.50005379
2026-02-27 8:46:34.079 PM,2.50005365
2026-02-27 8:46:41.093 PM,2.50005348
2026-02-27 8:46:48.116 PM,2.50005355
2026-02-27 8:46:55.150 PM,2.50005412
2026-02-27 8:47:02.172 PM,2.50005389
2026-02-27 8:47:09.172 PM,2.50005403
2026-02-27 8:47:16.178 PM,2.5000541
2026-02-27 8:47:23.199 PM,2.50005415
2026-02-27 8:47:30.201 PM,2.50005382
2026-02-27 8:47:37.194 PM,2.5000541
2026-02-27 8:47:44.214 PM,2.50005399
2026-02-27 8:47:51.214 PM,2.50005401
2026-02-27 8:47:58.215 PM,2.50005433
2026-02-27 8:48:05.221 PM,2.50005406
2026-02-27 8:48:12.242 PM,2.50005415
2026-02-27 8:48:19.238 PM,2.5000542
2026-02-27 8:48:26.271 PM,2.50005448
2026-02-27 8:48:33.280 PM,2.50005448
2026-02-27 8:48:40.299 PM,2.50005408
2026-02-27 8:48:47.306 PM,2.50005421
2026-02-27 8:48:54.325 PM,2.50005414
2026-02-27 8:49:01.345 PM,2.50005433
2026-02-27 8:49:08.367 PM,2.50005395
2026-02-27 8:49:15.373 PM,2.50005419
2026-02-27 8:49:22.376 PM,2.50005409
2026-02-27 8:49:29.400 PM,2.50005429
2026-02-27 8:49:36.397 PM,2.50005438
2026-02-27 8:49:43.395 PM,2.50005399
2026-02-27 8:49:50.417 PM,2.50005372
2026-02-27 8:49:57.422 PM,2.50005387
2026-02-27 8:50:04.431 PM,2.50005368
2026-02-27 8:50:11.432 PM,2.5000539
2026-02-27 8:50:18.451 PM,2.50005382
2026-02-27 8:50:25.458 PM,2.50005408
2026-02-27 8:50:32.464 PM,2.50005377
2026-02-27 8:50:39.465 PM,2.50005397
2026-02-27 8:50:46.487 PM,2.50005377
2026-02-27 8:50:53.512 PM,2.50005355
2026-02-27 8:51:00.536 PM,2.50005343
2026-02-27 8:51:07.551 PM,2.50016258
2026-02-27 8:51:14.553 PM,2.50005512
2026-02-27 8:51:21.574 PM,2.50005384
2026-02-27 8:51:28.587 PM,2.50005394
2026-02-27 8:51:35.592 PM,2.50005379
2026-02-27 8:51:42.608 PM,2.50005368
2026-02-27 8:51:49.611 PM,2.50005341
2026-02-27 8:51:56.620 PM,2.50005373
2026-02-27 8:52:03.620 PM,2.50005365
2026-02-27 8:52:10.623 PM,2.50005374
2026-02-27 8:52:17.643 PM,2.50005331
2026-02-27 8:52:24.641 PM,2.50005348
2026-02-27 8:52:31.659 PM,2.50005343
2026-02-27 8:52:38.670 PM,2.50005355
2026-02-27 8:52:45.701 PM,2.50005345
2026-02-27 8:52:52.723 PM,2.50005363
2026-02-27 8:52:59.721 PM,2.50005365
2026-02-27 8:53:06.740 PM,2.5000535
2026-02-27 8:53:13.763 PM,2.50005387
2026-02-27 8:53:20.780 PM,2.50005385
2026-02-27 8:53:27.807 PM,2.50005377
2026-02-27 8:53:34.804 PM,2.50005384
2026-02-27 8:53:41.830 PM,2.50005345
2026-02-27 8:53:48.831 PM,2.50151648
2026-02-27 8:53:55.833 PM,2.49618229
2026-02-27 8:54:02.833 PM,2.5000531
2026-02-27 8:54:09.845 PM,2.50005398
2026-02-27 8:54:16.852 PM,2.5000537
2026-02-27 8:54:23.873 PM,2.50005382
2026-02-27 8:54:30.891 PM,2.50005395
2026-02-27 8:54:37.911 PM,2.50005396
2026-02-27 8:54:44.937 PM,2.50005382
2026-02-27 8:54:51.960 PM,2.50005384
2026-02-27 8:54:58.953 PM,2.50005353
2026-02-27 8:55:05.984 PM,2.5000536
2026-02-27 8:55:13.019 PM,2.50005341
2026-02-27 8:55:20.046 PM,2.50005325
2026-02-27 8:55:27.057 PM,2.50005333
2026-02-27 8:55:34.070 PM,2.50005343
2026-02-27 8:55:41.092 PM,2.50005338
2026-02-27 8:55:48.110 PM,2.50005363
2026-02-27 8:55:55.136 PM,2.50005355
2026-02-27 8:56:02.134 PM,2.50005333
2026-02-27 8:56:09.150 PM,2.50005338
2026-02-27 8:56:16.152 PM,2.5000531
2026-02-27 8:56:23.171 PM,2.50005301
2026-02-27 8:56:30.172 PM,2.50005298
2026-02-27 8:56:37.187 PM,2.50005278
2026-02-27 8:56:44.211 PM,2.50005309
2026-02-27 8:56:51.210 PM,2.50005293
2026-02-27 8:56:58.234 PM,2.50005312
2026-02-27 8:57:05.244 PM,2.50005338
2026-02-27 8:57:12.268 PM,2.50005319
2026-02-27 8:57:19.283 PM,2.50005382
2026-02-27 8:57:26.298 PM,2.50005369
2026-02-27 8:57:33.320 PM,2.50005321
2026-02-27 8:57:40.323 PM,2.50005284
2026-02-27 8:57:47.323 PM,2.50005274
2026-02-27 8:57:54.321 PM,2.50005245
2026-02-27 8:58:01.324 PM,2.50005155
2026-02-27 8:58:08.344 PM,2.50005174
2026-02-27 8:58:15.354 PM,2.50005205
2026-02-27 8:58:22.376 PM,2.50005195
2026-02-27 8:58:29.389 PM,2.50005205
2026-02-27 8:58:36.389 PM,2.50005209
2026-02-27 8:58:43.407 PM,2.50005215
2026-02-27 8:58:50.431 PM,2.50005199
2026-02-27 8:58:57.448 PM,2.50005197
2026-02-27 8:59:04.454 PM,2.50005201
2026-02-27 8:59:11.468 PM,2.50005192
2026-02-27 8:59:18.492 PM,2.5000519
2026-02-27 8:59:25.495 PM,2.50005213
2026-02-27 8:59:32.504 PM,2.50005187
2026-02-27 8:59:39.512 PM,2.50005165
2026-02-27 8:59:46.510 PM,2.50005198
2026-02-27 8:59:53.524 PM,2.50005179
2026-02-27 9:00:00.524 PM,2.500052
2026-02-27 9:00:07.540 PM,2.50005204
2026-02-27 9:00:14.540 PM,2.5000521
2026-02-27 9:00:21.542 PM,2.50005219
2026-02-27 9:00:28.534 PM,2.50005229
2026-02-27 9:00:35.546 PM,2.50005207
2026-02-27 9:00:42.544 PM,2.50005177
2026-02-27 9:00:49.562 PM,2.50005141
2026-02-27 9:00:56.589 PM,2.50005135
2026-02-27 9:01:03.611 PM,2.5000512
2026-02-27 9:01:10.628 PM,2.50005072
2026-02-27 9:01:17.650 PM,2.50005088
2026-02-27 9:01:24.653 PM,2.5000508
2026-02-27 9:01:31.665 PM,2.50005079
2026-02-27 9:01:38.674 PM,2.50005086
2026-02-27 9:01:45.687 PM,2.50005078
2026-02-27 9:01:52.687 PM,2.50005098
2026-02-27 9:01:59.709 PM,2.50005072
2026-02-27 9:02:06.737 PM,2.50005094
2026-02-27 9:02:13.756 PM,2.49845973
2026-02-27 9:02:20.758 PM,2.50005923
2026-02-27 9:02:27.781 PM,2.50005235
2026-02-27 9:02:34.799 PM,2.50005126
2026-02-27 9:02:41.820 PM,2.50005048
2026-02-27 9:02:48.822 PM,2.50005063
2026-02-27 9:02:55.851 PM,2.50005078
2026-02-27 9:03:02.872 PM,2.50005135
2026-02-27 9:03:09.892 PM,2.5000525
2026-02-27 9:03:16.911 PM,2.50005233
2026-02-27 9:03:23.922 PM,2.50005258
2026-02-27 9:03:30.940 PM,2.50005269
2026-02-27 9:03:37.952 PM,2.50005245
2026-02-27 9:03:44.941 PM,2.50005273
2026-02-27 9:03:51.947 PM,2.50005287
2026-02-27 9:03:58.970 PM,2.50005293
2026-02-27 9:04:05.989 PM,2.5000526
2026-02-27 9:04:13.004 PM,2.500053
2026-02-27 9:04:19.996 PM,2.5000529
2026-02-27 9:04:26.995 PM,2.50005278
2026-02-27 9:04:33.992 PM,2.5000526
2026-02-27 9:04:40.996 PM,2.50005278
2026-02-27 9:04:48.016 PM,2.50005385
2026-02-27 9:04:55.035 PM,2.50005421
2026-02-27 9:05:02.035 PM,2.50005416
2026-02-27 9:05:09.042 PM,2.50005418
2026-02-27 9:05:16.055 PM,2.50005453
2026-02-27 9:05:23.078 PM,2.50005397
2026-02-27 9:05:30.094 PM,2.50005395
2026-02-27 9:05:37.106 PM,2.50005372
2026-02-27 9:05:44.108 PM,2.5000535
2026-02-27 9:05:51.101 PM,2.50005315
2026-02-27 9:05:58.114 PM,2.50004253
2026-02-27 9:06:05.109 PM,2.50015115
2026-02-27 9:06:12.111 PM,2.50016005
2026-02-27 9:06:19.124 PM,2.50014882
2026-02-27 9:06:26.146 PM,2.50016543
2026-02-27 9:06:33.163 PM,2.5001525
2026-02-27 9:06:40.178 PM,2.500159
2026-02-27 9:06:47.181 PM,2.50015588
2026-02-27 9:06:54.197 PM,2.50015979
2026-02-27 9:07:01.209 PM,2.50015879
2026-02-27 9:07:08.231 PM,2.50017933
2026-02-27 9:07:15.247 PM,2.50019372
2026-02-27 9:07:22.268 PM,2.50018015
2026-02-27 9:07:29.292 PM,2.50018991
2026-02-27 9:07:36.306 PM,2.50016941
2026-02-27 9:07:43.318 PM,2.50015115
2026-02-27 9:07:50.337 PM,2.50016173
2026-02-27 9:07:57.357 PM,2.50018594
2026-02-27 9:08:04.375 PM,2.5002021
2026-02-27 9:08:11.395 PM,2.50018963
2026-02-27 9:08:18.395 PM,2.50010225
2026-02-27 9:08:25.400 PM,2.50001943
2026-02-27 9:08:32.422 PM,2.5000181
2026-02-27 9:08:39.428 PM,2.50001658
2026-02-27 9:08:46.453 PM,2.50002116
2026-02-27 9:08:53.479 PM,2.50001907
2026-02-27 9:09:00.497 PM,2.50001797
2026-02-27 9:09:07.501 PM,2.50006648
2026-02-27 9:09:14.503 PM,2.5000678
2026-02-27 9:09:21.510 PM,2.50006779
2026-02-27 9:09:28.535 PM,2.50006855
2026-02-27 9:09:35.557 PM,2.50006903
2026-02-27 9:09:42.569 PM,2.50006874
2026-02-27 9:09:49.587 PM,2.50006848
2026-02-27 9:09:56.613 PM,2.5000685
2026-02-27 9:10:03.633 PM,2.5000687
2026-02-27 9:10:10.652 PM,2.50006909
2026-02-27 9:10:17.659 PM,2.50006833
2026-02-27 9:10:24.672 PM,2.5000686
2026-02-27 9:10:31.692 PM,2.50006786
2026-02-27 9:10:38.695 PM,2.50006779
2026-02-27 9:10:45.706 PM,2.50006779
2026-02-27 9:10:52.713 PM,2.5000675
2026-02-27 9:10:59.710 PM,2.50006769
2026-02-27 9:11:06.711 PM,2.50006823
2026-02-27 9:11:13.726 PM,2.50006806
2026-02-27 9:11:20.763 PM,2.50006774
2026-02-27 9:11:27.778 PM,2.50005199
2026-02-27 9:11:34.779 PM,2.50002553
2026-02-27 9:11:41.801 PM,2.50002735
2026-02-27 9:11:48.817 PM,2.50002848
2026-02-27 9:11:55.829 PM,2.50002928
2026-02-27 9:12:02.829 PM,2.50002531
2026-02-27 9:12:09.827 PM,2.50001884
2026-02-27 9:12:16.852 PM,2.5000223
2026-02-27 9:12:23.887 PM,2.50002343
2026-02-27 9:12:30.883 PM,2.50002258
2026-02-27 9:12:37.905 PM,2.50002374
2026-02-27 9:12:44.927 PM,2.50002228
2026-02-27 9:12:51.946 PM,2.50002665
2026-02-27 9:12:58.967 PM,2.50003448
2026-02-27 9:13:05.981 PM,2.50002041
2026-02-27 9:13:12.997 PM,2.50002314
2026-02-27 9:13:20.023 PM,2.50002282
2026-02-27 9:13:27.027 PM,2.50001009
2026-02-27 9:13:34.048 PM,2.50001138
2026-02-27 9:13:41.074 PM,2.50001591
2026-02-27 9:13:48.088 PM,2.50001655
2026-02-27 9:13:55.095 PM,2.50003515
2026-02-27 9:14:02.117 PM,2.50006445
2026-02-27 9:14:09.133 PM,2.50006477
2026-02-27 9:14:16.160 PM,2.50006465
2026-02-27 9:14:23.173 PM,2.5000646
2026-02-27 9:14:30.193 PM,2.50006469
2026-02-27 9:14:37.214 PM,2.50006438
2026-02-27 9:14:44.231 PM,2.50006479
2026-02-27 9:14:51.253 PM,2.50006433
2026-02-27 9:14:58.274 PM,2.50006455
2026-02-27 9:15:05.294 PM,2.50006443
2026-02-27 9:15:12.314 PM,2.50006443
2026-02-27 9:15:19.339 PM,2.50006474
2026-02-27 9:15:26.376 PM,2.50006477
2026-02-27 9:15:33.402 PM,2.50006458
2026-02-27 9:15:40.414 PM,2.50006455
2026-02-27 9:15:47.437 PM,2.50006441
2026-02-27 9:15:54.465 PM,2.50006435
2026-02-27 9:16:01.468 PM,2.50006438
2026-02-27 9:16:08.493 PM,2.50006453
2026-02-27 9:16:15.515 PM,2.50006504
2026-02-27 9:16:22.535 PM,2.500065
2026-02-27 9:16:29.548 PM,2.50006531
2026-02-27 9:16:36.554 PM,2.50006563
2026-02-27 9:16:43.564 PM,2.50006505
2026-02-27 9:16:50.562 PM,2.50006255
2026-02-27 9:16:57.598 PM,2.50006191
2026-02-27 9:17:04.630 PM,2.50006174
2026-02-27 9:17:11.653 PM,2.50006175
2026-02-27 9:17:18.662 PM,2.50006175
2026-02-27 9:17:25.667 PM,2.50006193
2026-02-27 9:17:32.689 PM,2.50006197
2026-02-27 9:17:39.723 PM,2.5000622
2026-02-27 9:17:46.748 PM,2.50006207
2026-02-27 9:17:53.761 PM,2.50006182
2026-02-27 9:18:00.769 PM,2.50006179
2026-02-27 9:18:07.797 PM,2.50006193
2026-02-27 9:18:14.830 PM,2.50006255
2026-02-27 9:18:21.845 PM,2.50006219
2026-02-27 9:18:28.865 PM,2.50006225
2026-02-27 9:18:35.868 PM,2.50006233
2026-02-27 9:18:42.890 PM,2.50006182
2026-02-27 9:18:49.912 PM,2.50006184
2026-02-27 9:18:56.944 PM,2.50006196
2026-02-27 9:19:03.945 PM,2.50006215
2026-02-27 9:19:10.972 PM,2.50006233
2026-02-27 9:19:18.003 PM,2.50006207
2026-02-27 9:19:25.011 PM,2.50006284
2026-02-27 9:19:32.011 PM,2.5000625
2026-02-27 9:19:39.019 PM,2.5000625
2026-02-27 9:19:46.045 PM,2.50006203
2026-02-27 9:19:53.081 PM,2.50006172
2026-02-27 9:20:00.095 PM,2.50006184
2026-02-27 9:20:07.129 PM,2.50006131
2026-02-27 9:20:14.155 PM,2.50006138
2026-02-27 9:20:21.178 PM,2.50006114
2026-02-27 9:20:28.198 PM,2.50006083
2026-02-27 9:20:35.217 PM,2.50006092
2026-02-27 9:20:42.217 PM,2.50006029
2026-02-27 9:20:49.230 PM,2.50006068
2026-02-27 9:20:56.237 PM,2.50006133
2026-02-27 9:21:03.261 PM,2.50006077
2026-02-27 9:21:10.284 PM,2.50006231
2026-02-27 9:21:17.287 PM,2.5000628
2026-02-27 9:21:24.290 PM,2.50006315
2026-02-27 9:21:31.309 PM,2.50006307
2026-02-27 9:21:38.327 PM,2.50006341
2026-02-27 9:21:45.332 PM,2.50006363
2026-02-27 9:21:52.340 PM,2.50006415
2026-02-27 9:21:59.361 PM,2.49889672
2026-02-27 9:22:06.392 PM,2.49993618
2026-02-27 9:22:13.415 PM,2.49993843
2026-02-27 9:22:20.421 PM,2.49998884
2026-02-27 9:22:27.439 PM,2.49998086
2026-02-27 9:22:34.464 PM,2.49997501
2026-02-27 9:22:41.489 PM,2.49996865
2026-02-27 9:22:48.520 PM,2.49997258
2026-02-27 9:22:55.528 PM,2.49997979
2026-02-27 9:23:02.549 PM,2.50002133
2026-02-27 9:23:09.578 PM,2.50003896
2026-02-27 9:23:16.613 PM,2.5000432
2026-02-27 9:23:23.640 PM,2.50004407
2026-02-27 9:23:30.662 PM,2.50004635
2026-02-27 9:23:37.682 PM,2.5000445
2026-02-27 9:23:44.703 PM,2.50004663
2026-02-27 9:23:51.726 PM,2.50004815
2026-02-27 9:23:58.737 PM,2.5000496
2026-02-27 9:24:05.759 PM,2.50004953
2026-02-27 9:24:12.759 PM,2.5000521
2026-02-27 9:24:19.778 PM,2.50005524
2026-02-27 9:24:26.784 PM,2.5000592
2026-02-27 9:24:33.808 PM,2.50005613
2026-02-27 9:24:40.830 PM,2.50005248
2026-02-27 9:24:47.849 PM,2.5000545
2026-02-27 9:24:54.859 PM,2.50005363
2026-02-27 9:25:01.885 PM,2.50004977
2026-02-27 9:25:08.891 PM,2.50005196
2026-02-27 9:25:15.900 PM,2.50004525
2026-02-27 9:25:22.927 PM,2.50003769
2026-02-27 9:25:29.953 PM,2.50004535
2026-02-27 9:25:36.965 PM,2.50004641
2026-02-27 9:25:43.986 PM,2.50004435
2026-02-27 9:25:51.005 PM,2.5000415
2026-02-27 9:25:58.028 PM,2.50004655
2026-02-27 9:26:05.044 PM,2.50006241
2026-02-27 9:26:12.066 PM,2.50006204
2026-02-27 9:26:19.074 PM,2.5000665
2026-02-27 9:26:26.082 PM,2.50008445
2026-02-27 9:26:33.101 PM,2.50007255
2026-02-27 9:26:40.104 PM,2.50006538
2026-02-27 9:26:47.124 PM,2.50006977
2026-02-27 9:26:54.151 PM,2.50007419
2026-02-27 9:27:01.157 PM,2.50006902
2026-02-27 9:27:08.182 PM,2.50005908
2026-02-27 9:27:15.207 PM,2.50004925
2026-02-27 9:27:22.233 PM,2.50004902
2026-02-27 9:27:29.249 PM,2.50004915
2026-02-27 9:27:36.286 PM,2.50004919
2026-02-27 9:27:43.311 PM,2.50004933
2026-02-27 9:27:50.329 PM,2.50004933
2026-02-27 9:27:57.346 PM,2.50004925
2026-02-27 9:28:04.345 PM,2.50005002
2026-02-27 9:28:11.362 PM,2.50005007
2026-02-27 9:28:18.389 PM,2.50005002
2026-02-27 9:28:25.412 PM,2.50004987
2026-02-27 9:28:32.428 PM,2.50004985
2026-02-27 9:28:39.430 PM,2.50004955
2026-02-27 9:28:46.439 PM,2.50004995
2026-02-27 9:28:53.449 PM,2.5000482
2026-02-27 9:29:00.466 PM,2.50004795
2026-02-27 9:29:07.480 PM,2.5000493
2026-02-27 9:29:14.501 PM,2.50005848
2026-02-27 9:29:21.507 PM,2.5000545
2026-02-27 9:29:28.520 PM,2.50005205
2026-02-27 9:29:35.548 PM,2.50005079
2026-02-27 9:29:42.566 PM,2.50005031
2026-02-27 9:29:49.593 PM,2.50005055
2026-02-27 9:29:56.617 PM,2.5000501
2026-02-27 9:30:03.633 PM,2.50004974
2026-02-27 9:30:10.632 PM,2.50004989
2026-02-27 9:30:17.634 PM,2.50004958
2026-02-27 9:30:24.660 PM,2.50004924
2026-02-27 9:30:31.679 PM,2.50004969
2026-02-27 9:30:38.701 PM,2.50005009
2026-02-27 9:30:45.706 PM,2.50005007
2026-02-27 9:30:52.732 PM,2.50005041
2026-02-27 9:30:59.756 PM,2.50005053
2026-02-27 9:31:06.776 PM,2.50005058
2026-02-27 9:31:13.792 PM,2.50005045
2026-02-27 9:31:20.796 PM,2.50004965
2026-02-27 9:31:27.820 PM,2.50004974
2026-02-27 9:31:34.838 PM,2.50004992
2026-02-27 9:31:41.864 PM,2.50004729
2026-02-27 9:31:48.880 PM,2.50004693
2026-02-27 9:31:55.914 PM,2.5000465
2026-02-27 9:32:02.933 PM,2.5000461
2026-02-27 9:32:09.931 PM,2.5000465
2026-02-27 9:32:16.959 PM,2.5000459
2026-02-27 9:32:23.985 PM,2.50004575
2026-02-27 9:32:31.021 PM,2.5000456
2026-02-27 9:32:38.032 PM,2.50004588
2026-02-27 9:32:45.041 PM,2.50004568
2026-02-27 9:32:52.043 PM,2.50004586
2026-02-27 9:32:59.070 PM,2.50004572
2026-02-27 9:33:06.088 PM,2.50004569
2026-02-27 9:33:13.108 PM,2.50004538
2026-02-27 9:33:20.129 PM,2.50004529
2026-02-27 9:33:27.155 PM,2.50004548
2026-02-27 9:33:34.152 PM,2.50004515
2026-02-27 9:33:41.152 PM,2.50004545
2026-02-27 9:33:48.171 PM,2.50004555
2026-02-27 9:33:55.191 PM,2.50004553
2026-02-27 9:34:02.206 PM,2.50004575
2026-02-27 9:34:09.201 PM,2.50004591
2026-02-27 9:34:16.210 PM,2.50004597
2026-02-27 9:34:23.229 PM,2.50004587
2026-02-27 9:34:30.249 PM,2.50004586
2026-02-27 9:34:37.260 PM,2.5000456
2026-02-27 9:34:44.280 PM,2.5000456
2026-02-27 9:34:51.299 PM,2.50004593
2026-02-27 9:34:58.326 PM,2.50004625
2026-02-27 9:35:05.347 PM,2.50004602
2026-02-27 9:35:12.378 PM,2.50004606
2026-02-27 9:35:19.394 PM,2.50004695
2026-02-27 9:35:26.401 PM,2.50004691
2026-02-27 9:35:33.426 PM,2.50004665
2026-02-27 9:35:40.451 PM,2.5000463
2026-02-27 9:35:47.465 PM,2.50004669
2026-02-27 9:35:54.468 PM,2.50004565
2026-02-27 9:36:01.502 PM,2.50004578
2026-02-27 9:36:08.524 PM,2.50004565
2026-02-27 9:36:15.535 PM,2.50004563
2026-02-27 9:36:22.555 PM,2.50004555
2026-02-27 9:36:29.560 PM,2.50004548
2026-02-27 9:36:36.575 PM,2.50004535
2026-02-27 9:36:43.592 PM,2.5000453
2026-02-27 9:36:50.627 PM,2.50004525
2026-02-27 9:36:57.662 PM,2.50004515
2026-02-27 9:37:04.672 PM,2.50004533
2026-02-27 9:37:11.669 PM,2.50004501
2026-02-27 9:37:18.675 PM,2.50004508
2026-02-27 9:37:25.688 PM,2.50004538
2026-02-27 9:37:32.709 PM,2.50004516
2026-02-27 9:37:39.729 PM,2.50004535
2026-02-27 9:37:46.722 PM,2.50004533
2026-02-27 9:37:53.754 PM,2.50004538
2026-02-27 9:38:00.761 PM,2.50004543
2026-02-27 9:38:07.775 PM,2.50004531
2026-02-27 9:38:14.797 PM,2.50004524
2026-02-27 9:38:21.828 PM,2.50004543
2026-02-27 9:38:28.854 PM,2.50004558
2026-02-27 9:38:35.882 PM,2.50004524
2026-02-27 9:38:42.887 PM,2.50004565
2026-02-27 9:38:49.907 PM,2.50004824
2026-02-27 9:38:56.930 PM,2.50004915
2026-02-27 9:39:03.956 PM,2.50004975
2026-02-27 9:39:10.974 PM,2.50005385
2026-02-27 9:39:17.985 PM,2.50005499
2026-02-27 9:39:25.003 PM,2.5000531
2026-02-27 9:39:32.021 PM,2.5000526
2026-02-27 9:39:39.028 PM,2.50005184
2026-02-27 9:39:46.055 PM,2.50005155
2026-02-27 9:39:53.084 PM,2.50005141
2026-02-27 9:40:00.090 PM,2.50005168
2026-02-27 9:40:07.120 PM,2.50005163
2026-02-27 9:40:14.144 PM,2.50005138
2026-02-27 9:40:21.167 PM,2.50005143
2026-02-27 9:40:28.176 PM,2.500051
2026-02-27 9:40:35.189 PM,2.50005115
2026-02-27 9:40:42.211 PM,2.50005138
2026-02-27 9:40:49.221 PM,2.50005145
2026-02-27 9:40:56.243 PM,2.50005125
2026-02-27 9:41:03.266 PM,2.50005179
2026-02-27 9:41:10.297 PM,2.50005169
2026-02-27 9:41:17.312 PM,2.50005168
2026-02-27 9:41:24.331 PM,2.50005148
2026-02-27 9:41:31.344 PM,2.50005135
2026-02-27 9:41:38.362 PM,2.50005135
2026-02-27 9:41:45.381 PM,2.50005141
2026-02-27 9:41:52.402 PM,2.50005175
2026-02-27 9:41:59.422 PM,2.50005155
2026-02-27 9:42:06.452 PM,2.50005174
2026-02-27 9:42:13.475 PM,2.50005143
2026-02-27 9:42:20.474 PM,2.50004698
2026-02-27 9:42:27.474 PM,2.500047
2026-02-27 9:42:34.505 PM,2.50004721
2026-02-27 9:42:41.515 PM,2.50004728
2026-02-27 9:42:48.521 PM,2.50004755
2026-02-27 9:42:55.545 PM,2.50004733
2026-02-27 9:43:02.564 PM,2.50004745
2026-02-27 9:43:09.579 PM,2.50004753
2026-02-27 9:43:16.586 PM,2.50004725
2026-02-27 9:43:23.596 PM,2.50004726
2026-02-27 9:43:30.628 PM,2.500047
2026-02-27 9:43:37.658 PM,2.50004705
2026-02-27 9:43:44.676 PM,2.50004719
2026-02-27 9:43:51.703 PM,2.50004695
2026-02-27 9:43:58.731 PM,2.50004687
2026-02-27 9:44:05.755 PM,2.50004669
2026-02-27 9:44:12.759 PM,2.5000469
2026-02-27 9:44:19.779 PM,2.50004709
2026-02-27 9:44:26.808 PM,2.50004696
2026-02-27 9:44:33.840 PM,2.50004677
2026-02-27 9:44:40.871 PM,2.50004699
2026-02-27 9:44:47.897 PM,2.50004707
2026-02-27 9:44:54.926 PM,2.50004712
2026-02-27 9:45:01.938 PM,2.50004705
2026-02-27 9:45:08.970 PM,2.50004748
2026-02-27 9:45:15.999 PM,2.50004831
2026-02-27 9:45:23.032 PM,2.50004855
2026-02-27 9:45:30.053 PM,2.50004816
2026-02-27 9:45:37.072 PM,2.50004883
2026-02-27 9:45:44.097 PM,2.50004903
2026-02-27 9:45:51.116 PM,2.50004909
2026-02-27 9:45:58.146 PM,2.50004948
2026-02-27 9:46:05.173 PM,2.50005025
2026-02-27 9:46:12.189 PM,2.50005138
2026-02-27 9:46:19.205 PM,2.5000519
2026-02-27 9:46:26.215 PM,2.50005231
2026-02-27 9:46:33.233 PM,2.50005533
2026-02-27 9:46:40.252 PM,2.50005597
2026-02-27 9:46:47.254 PM,2.50005538
2026-02-27 9:46:54.269 PM,2.50005416
2026-02-27 9:47:01.304 PM,2.50005282
2026-02-27 9:47:08.328 PM,2.50005075
2026-02-27 9:47:15.342 PM,2.50005079
2026-02-27 9:47:22.348 PM,2.50005182
2026-02-27 9:47:29.378 PM,2.5000523
2026-02-27 9:47:36.403 PM,2.5000475
2026-02-27 9:47:43.427 PM,2.50004838
2026-02-27 9:47:50.450 PM,2.50004898
2026-02-27 9:47:57.475 PM,2.50004874
2026-02-27 9:48:04.506 PM,2.50004784
2026-02-27 9:48:11.531 PM,2.5000475
2026-02-27 9:48:18.552 PM,2.5000473
2026-02-27 9:48:25.586 PM,2.50004738
2026-02-27 9:48:32.605 PM,2.50004763
2026-02-27 9:48:39.624 PM,2.5000481
2026-02-27 9:48:46.618 PM,2.50004816
2026-02-27 9:48:53.642 PM,2.50004802
2026-02-27 9:49:00.673 PM,2.500048
2026-02-27 9:49:07.698 PM,2.50004733
2026-02-27 9:49:14.700 PM,2.50004758
2026-02-27 9:49:21.724 PM,2.5000472
2026-02-27 9:49:28.752 PM,2.50004733
2026-02-27 9:49:35.767 PM,2.50004816
2026-02-27 9:49:42.792 PM,2.50004941
2026-02-27 9:49:49.820 PM,2.50004993
2026-02-27 9:49:56.843 PM,2.50005298
2026-02-27 9:50:03.845 PM,2.50005006
2026-02-27 9:50:10.863 PM,2.50004855
2026-02-27 9:50:17.865 PM,2.50005102
2026-02-27 9:50:24.883 PM,2.50005799
2026-02-27 9:50:31.892 PM,2.50005721
2026-02-27 9:50:38.896 PM,2.5000575
2026-02-27 9:50:45.915 PM,2.5000523
2026-02-27 9:50:52.937 PM,2.50003035
2026-02-27 9:50:59.968 PM,2.5000315
2026-02-27 9:51:06.995 PM,2.50004208
2026-02-27 9:51:14.003 PM,2.50004107
2026-02-27 9:51:21.033 PM,2.5000516
2026-02-27 9:51:28.063 PM,2.50005968
2026-02-27 9:51:35.071 PM,2.50006102
2026-02-27 9:51:42.098 PM,2.50006499
2026-02-27 9:51:49.129 PM,2.50006735
2026-02-27 9:51:56.162 PM,2.50008286
2026-02-27 9:52:03.189 PM,2.50008378
2026-02-27 9:52:10.210 PM,2.50008123
2026-02-27 9:52:17.228 PM,2.50008125
2026-02-27 9:52:24.253 PM,2.5000815
2026-02-27 9:52:31.266 PM,2.5000898
2026-02-27 9:52:38.288 PM,2.50003965
2026-02-27 9:52:45.311 PM,2.50004502
2026-02-27 9:52:52.318 PM,2.50004509
2026-02-27 9:52:59.336 PM,2.50004584
2026-02-27 9:53:06.359 PM,2.50004604
2026-02-27 9:53:13.361 PM,2.50004638
2026-02-27 9:53:20.382 PM,2.50004586
2026-02-27 9:53:27.397 PM,2.50004602
2026-02-27 9:53:34.407 PM,2.50004701
2026-02-27 9:53:41.436 PM,2.50004653
2026-02-27 9:53:48.454 PM,2.50004613
2026-02-27 9:53:55.469 PM,2.50004702
2026-02-27 9:54:02.502 PM,2.50004784
2026-02-27 9:54:09.514 PM,2.50004663
2026-02-27 9:54:16.536 PM,2.50004838
2026-02-27 9:54:23.531 PM,2.50005677
2026-02-27 9:54:30.561 PM,2.50005802
2026-02-27 9:54:37.565 PM,2.50005868
2026-02-27 9:54:44.592 PM,2.50005958
2026-02-27 9:54:51.590 PM,2.50006029
2026-02-27 9:54:58.614 PM,2.50006018
2026-02-27 9:55:05.615 PM,2.50005782
2026-02-27 9:55:12.635 PM,2.50005685
2026-02-27 9:55:19.660 PM,2.50005698
2026-02-27 9:55:26.680 PM,2.50002345
2026-02-27 9:55:33.682 PM,2.50004543
2026-02-27 9:55:40.701 PM,2.50004633
2026-02-27 9:55:47.703 PM,2.5000461
2026-02-27 9:55:54.718 PM,2.5000458
2026-02-27 9:56:01.722 PM,2.50004572
2026-02-27 9:56:08.737 PM,2.50004555
2026-02-27 9:56:15.735 PM,2.50004541
2026-02-27 9:56:22.757 PM,2.50004529
2026-02-27 9:56:29.777 PM,2.50004512
2026-02-27 9:56:36.797 PM,2.50004531
2026-02-27 9:56:43.800 PM,2.50004584
2026-02-27 9:56:50.814 PM,2.5000461
2026-02-27 9:56:57.832 PM,2.50004628
2026-02-27 9:57:04.848 PM,2.50004616
2026-02-27 9:57:11.865 PM,2.50004575
2026-02-27 9:57:18.883 PM,2.50004519
2026-02-27 9:57:25.904 PM,2.50004538
2026-02-27 9:57:32.935 PM,2.50004528
2026-02-27 9:57:39.962 PM,2.50004507
2026-02-27 9:57:46.967 PM,2.50004516
2026-02-27 9:57:53.999 PM,2.50004503
2026-02-27 9:58:01.023 PM,2.50004519
2026-02-27 9:58:08.050 PM,2.50004515
2026-02-27 9:58:15.061 PM,2.500045
2026-02-27 9:58:22.072 PM,2.50004503
2026-02-27 9:58:29.100 PM,2.50004516
2026-02-27 9:58:36.133 PM,2.50004525
2026-02-27 9:58:43.170 PM,2.50004563
2026-02-27 9:58:50.173 PM,2.50004545
2026-02-27 9:58:57.208 PM,2.50004529
2026-02-27 9:59:04.234 PM,2.50004525
2026-02-27 9:59:11.270 PM,2.5000442
2026-02-27 9:59:18.290 PM,2.50004514
2026-02-27 9:59:25.293 PM,2.50004502
2026-02-27 9:59:32.307 PM,2.50004501
2026-02-27 9:59:39.324 PM,2.50004533
2026-02-27 9:59:46.329 PM,2.5000476
2026-02-27 9:59:53.353 PM,2.50004765
2026-02-27 10:00:00.371 PM,2.50004763
2026-02-27 10:00:07.392 PM,2.50004786
2026-02-27 10:00:14.417 PM,2.50004788
2026-02-27 10:00:21.429 PM,2.50004745
2026-02-27 10:00:28.447 PM,2.50004783
2026-02-27 10:00:35.465 PM,2.50004758
2026-02-27 10:00:42.488 PM,2.50004743
2026-02-27 10:00:49.491 PM,2.50004801
2026-02-27 10:00:56.504 PM,2.50004919
2026-02-27 10:01:03.512 PM,2.5000487
2026-02-27 10:01:10.550 PM,2.50004838
2026-02-27 10:01:17.586 PM,2.5000463
2026-02-27 10:01:24.603 PM,2.50004655
2026-02-27 10:01:31.630 PM,2.50004607
2026-02-27 10:01:38.660 PM,2.50004609
2026-02-27 10:01:45.668 PM,2.50004602
2026-02-27 10:01:52.690 PM,2.50004596
2026-02-27 10:01:59.712 PM,2.5000463
2026-02-27 10:02:06.740 PM,2.5000466
2026-02-27 10:02:13.767 PM,2.5000466
2026-02-27 10:02:20.794 PM,2.49988299
2026-02-27 10:02:27.820 PM,2.50024608
2026-02-27 10:02:34.852 PM,2.49980774
2026-02-27 10:02:41.876 PM,2.49621731
2026-02-27 10:02:48.899 PM,2.5001467
2026-02-27 10:02:55.926 PM,2.50002725
2026-02-27 10:03:02.964 PM,2.5000493
2026-02-27 10:03:09.981 PM,2.50004765
2026-02-27 10:03:17.005 PM,2.50004658
2026-02-27 10:03:24.004 PM,2.50004648
2026-02-27 10:03:31.027 PM,2.50004569
2026-02-27 10:03:38.038 PM,2.50004516
2026-02-27 10:03:45.045 PM,2.5000445
2026-02-27 10:03:52.047 PM,2.50004394
2026-02-27 10:03:59.048 PM,2.50004355
2026-02-27 10:04:06.081 PM,2.50004316
2026-02-27 10:04:13.102 PM,2.5000432
2026-02-27 10:04:20.123 PM,2.50004308
2026-02-27 10:04:27.124 PM,2.50004301
2026-02-27 10:04:34.162 PM,2.50004286
2026-02-27 10:04:41.166 PM,2.50004279
2026-02-27 10:04:48.178 PM,2.50004255
2026-02-27 10:04:55.200 PM,2.5000423
2026-02-27 10:05:02.201 PM,2.50004238
2026-02-27 10:05:09.216 PM,2.50004241
2026-02-27 10:05:16.245 PM,2.50004223
2026-02-27 10:05:23.261 PM,2.50004233
2026-02-27 10:05:30.278 PM,2.50004207
2026-02-27 10:05:37.307 PM,2.5000422
2026-02-27 10:05:44.322 PM,2.50004226
2026-02-27 10:05:51.338 PM,2.50004224
2026-02-27 10:05:58.362 PM,2.50004178
2026-02-27 10:06:05.380 PM,2.50004198
2026-02-27 10:06:12.387 PM,2.50004192
2026-02-27 10:06:19.382 PM,2.500042
2026-02-27 10:06:26.380 PM,2.50004214
2026-02-27 10:06:33.405 PM,2.50004238
2026-02-27 10:06:40.420 PM,2.50004285
2026-02-27 10:06:47.440 PM,2.50004313
2026-02-27 10:06:54.465 PM,2.50004298
2026-02-27 10:07:01.480 PM,2.50004314
2026-02-27 10:07:08.500 PM,2.50004291
2026-02-27 10:07:15.526 PM,2.50004265
2026-02-27 10:07:22.542 PM,2.50004277
2026-02-27 10:07:29.543 PM,2.50004304
2026-02-27 10:07:36.558 PM,2.5000428
2026-02-27 10:07:43.574 PM,2.50004287
2026-02-27 10:07:50.594 PM,2.50004282
2026-02-27 10:07:57.595 PM,2.50004292
2026-02-27 10:08:04.602 PM,2.50004298
2026-02-27 10:08:11.623 PM,2.5000425
2026-02-27 10:08:18.641 PM,2.50004196
2026-02-27 10:08:25.673 PM,2.50004126
2026-02-27 10:08:32.697 PM,2.50004053
2026-02-27 10:08:39.714 PM,2.50004141
2026-02-27 10:08:46.732 PM,2.5000415
2026-02-27 10:08:53.756 PM,2.50004204
2026-02-27 10:09:00.773 PM,2.50004204
2026-02-27 10:09:07.776 PM,2.50004174
2026-02-27 10:09:14.781 PM,2.5000416
2026-02-27 10:09:21.805 PM,2.50004214
2026-02-27 10:09:28.821 PM,2.50004245
2026-02-27 10:09:35.836 PM,2.50004215
2026-02-27 10:09:42.839 PM,2.50004189
2026-02-27 10:09:49.856 PM,2.50004177
2026-02-27 10:09:56.856 PM,2.5000418
2026-02-27 10:10:03.872 PM,2.50004238
2026-02-27 10:10:10.900 PM,2.50004243
2026-02-27 10:10:17.901 PM,2.50004193
2026-02-27 10:10:24.920 PM,2.50004174
2026-02-27 10:10:31.945 PM,2.50004153
2026-02-27 10:10:38.946 PM,2.50004175
2026-02-27 10:10:45.967 PM,2.50004168
2026-02-27 10:10:52.978 PM,2.50004163
2026-02-27 10:10:59.975 PM,2.50004148
2026-02-27 10:11:06.971 PM,2.5000416
2026-02-27 10:11:13.999 PM,2.50004158
2026-02-27 10:11:21.027 PM,2.50004143
2026-02-27 10:11:28.051 PM,2.50004189
2026-02-27 10:11:35.067 PM,2.5000417
2026-02-27 10:11:42.089 PM,2.5000417
2026-02-27 10:11:49.117 PM,2.500042
2026-02-27 10:11:56.138 PM,2.50004177
2026-02-27 10:12:03.137 PM,2.5000415
2026-02-27 10:12:10.138 PM,2.50004155
2026-02-27 10:12:17.157 PM,2.50004168
2026-02-27 10:12:24.168 PM,2.50004177
2026-02-27 10:12:31.176 PM,2.5000418
2026-02-27 10:12:38.203 PM,2.50004198
2026-02-27 10:12:45.234 PM,2.50004204
2026-02-27 10:12:52.233 PM,2.5000415
2026-02-27 10:12:59.263 PM,2.5000418
2026-02-27 10:13:06.276 PM,2.50004179
2026-02-27 10:13:13.281 PM,2.50004183
2026-02-27 10:13:20.308 PM,2.50004194
2026-02-27 10:13:27.326 PM,2.5000416
2026-02-27 10:13:34.327 PM,2.50004172
2026-02-27 10:13:41.343 PM,2.50004179
2026-02-27 10:13:48.336 PM,2.5000416
2026-02-27 10:13:55.356 PM,2.50004172
2026-02-27 10:14:02.374 PM,2.50004138
2026-02-27 10:14:09.393 PM,2.50004143
2026-02-27 10:14:16.420 PM,2.50004158
2026-02-27 10:14:23.431 PM,2.50004155
2026-02-27 10:14:30.451 PM,2.5000415
2026-02-27 10:14:37.464 PM,2.50004126
2026-02-27 10:14:44.471 PM,2.5000416
2026-02-27 10:14:51.487 PM,2.50004141
2026-02-27 10:14:58.514 PM,2.50004141
2026-02-27 10:15:05.515 PM,2.50004099
2026-02-27 10:15:12.532 PM,2.50004118
2026-02-27 10:15:19.548 PM,2.5000415
2026-02-27 10:15:26.554 PM,2.50004158
2026-02-27 10:15:33.571 PM,2.50004143
2026-02-27 10:15:40.599 PM,2.50004143
2026-02-27 10:15:47.612 PM,2.50004128
2026-02-27 10:15:54.630 PM,2.50004187
2026-02-27 10:16:01.637 PM,2.5000415
2026-02-27 10:16:08.672 PM,2.5000415
2026-02-27 10:16:15.672 PM,2.50004155
2026-02-27 10:16:22.672 PM,2.50004138
2026-02-27 10:16:29.714 PM,2.50004133
2026-02-27 10:16:36.719 PM,2.50004135
2026-02-27 10:16:43.743 PM,2.50004143
2026-02-27 10:16:50.768 PM,2.50004099
2026-02-27 10:16:57.792 PM,2.50004093
2026-02-27 10:17:04.811 PM,2.50004093
2026-02-27 10:17:11.837 PM,2.50004108
2026-02-27 10:17:18.859 PM,2.50004123
2026-02-27 10:17:25.877 PM,2.5000415
2026-02-27 10:17:32.883 PM,2.5000412
2026-02-27 10:17:39.907 PM,2.50004129
2026-02-27 10:17:46.911 PM,2.50003897
2026-02-27 10:17:53.915 PM,2.50003893
2026-02-27 10:18:00.938 PM,2.50003895
2026-02-27 10:18:07.978 PM,2.50003879
2026-02-27 10:18:14.997 PM,2.50003858
2026-02-27 10:18:22.019 PM,2.50003875
2026-02-27 10:18:29.023 PM,2.50003885
2026-02-27 10:18:36.043 PM,2.50003891
2026-02-27 10:18:43.065 PM,2.50003883
2026-02-27 10:18:50.108 PM,2.5000386
2026-02-27 10:18:57.142 PM,2.50003843
2026-02-27 10:19:04.177 PM,2.50003841
2026-02-27 10:19:11.202 PM,2.5000385
2026-02-27 10:19:18.206 PM,2.5000385
2026-02-27 10:19:25.226 PM,2.50003865
2026-02-27 10:19:32.239 PM,2.50003855
2026-02-27 10:19:39.261 PM,2.50003853
2026-02-27 10:19:46.278 PM,2.50003843
2026-02-27 10:19:53.291 PM,2.5000383
2026-02-27 10:20:00.296 PM,2.50003831
2026-02-27 10:20:07.290 PM,2.50003831
2026-02-27 10:20:14.309 PM,2.50003828
2026-02-27 10:20:21.312 PM,2.50003808
2026-02-27 10:20:28.331 PM,2.50003825
2026-02-27 10:20:35.355 PM,2.50003841
2026-02-27 10:20:42.374 PM,2.50003838
2026-02-27 10:20:49.399 PM,2.50003821
2026-02-27 10:20:56.417 PM,2.5000383
2026-02-27 10:21:03.417 PM,2.50003838
2026-02-27 10:21:10.430 PM,2.50003838
2026-02-27 10:21:17.452 PM,2.50003793
2026-02-27 10:21:24.451 PM,2.50003833
2026-02-27 10:21:31.482 PM,2.50003805
2026-02-27 10:21:38.495 PM,2.50003819
2026-02-27 10:21:45.512 PM,2.5000379
2026-02-27 10:21:52.527 PM,2.50003816
2026-02-27 10:21:59.547 PM,2.50003788
2026-02-27 10:22:06.562 PM,2.50003773
2026-02-27 10:22:13.591 PM,2.50003798
2026-02-27 10:22:20.613 PM,2.50003787
2026-02-27 10:22:27.646 PM,2.5000376
2026-02-27 10:22:34.665 PM,2.50003779
2026-02-27 10:22:41.678 PM,2.50003765
2026-02-27 10:22:48.708 PM,2.50003755
2026-02-27 10:22:55.747 PM,2.50003765
2026-02-27 10:23:02.767 PM,2.50003753
2026-02-27 10:23:09.763 PM,2.50003765
2026-02-27 10:23:16.795 PM,2.50003775
2026-02-27 10:23:23.800 PM,2.5000377
2026-02-27 10:23:30.830 PM,2.5000376
2026-02-27 10:23:37.858 PM,2.5000375
2026-02-27 10:23:44.883 PM,2.50003777
2026-02-27 10:23:51.888 PM,2.50003772
2026-02-27 10:23:58.905 PM,2.50003783
2026-02-27 10:24:05.921 PM,2.50003794
2026-02-27 10:24:12.967 PM,2.50003789
2026-02-27 10:24:19.989 PM,2.50003794
2026-02-27 10:24:27.019 PM,2.5000376
2026-02-27 10:24:34.029 PM,2.50003779
2026-02-27 10:24:41.065 PM,2.50003778
2026-02-27 10:24:48.085 PM,2.5000382
2026-02-27 10:24:55.091 PM,2.50003772
2026-02-27 10:25:02.090 PM,2.5000377
2026-02-27 10:25:09.111 PM,2.50003765
2026-02-27 10:25:16.126 PM,2.50003774
2026-02-27 10:25:23.156 PM,2.50003779
2026-02-27 10:25:30.157 PM,2.50003782
2026-02-27 10:25:37.186 PM,2.50003779
2026-02-27 10:25:44.217 PM,2.50003796
2026-02-27 10:25:51.228 PM,2.50003782
2026-02-27 10:25:58.247 PM,2.50003793
2026-02-27 10:26:05.277 PM,2.50003743
2026-02-27 10:26:12.298 PM,2.50003753
2026-02-27 10:26:19.321 PM,2.5000376
2026-02-27 10:26:26.342 PM,2.50003758
2026-02-27 10:26:33.362 PM,2.50003729
2026-02-27 10:26:40.403 PM,2.50003763
2026-02-27 10:26:47.422 PM,2.50003748
2026-02-27 10:26:54.443 PM,2.5000372
2026-02-27 10:27:01.468 PM,2.5000372
2026-02-27 10:27:08.461 PM,2.5000373
2026-02-27 10:27:15.485 PM,2.5000371
2026-02-27 10:27:22.502 PM,2.5000371
2026-02-27 10:27:29.515 PM,2.50003708
2026-02-27 10:27:36.541 PM,2.50003733
2026-02-27 10:27:43.557 PM,2.5000375
2026-02-27 10:27:50.581 PM,2.5000373
2026-02-27 10:27:57.606 PM,2.50003725
2026-02-27 10:28:04.636 PM,2.50003716
2026-02-27 10:28:11.652 PM,2.50003743
2026-02-27 10:28:18.666 PM,2.5000371
2026-02-27 10:28:25.695 PM,2.50003699
2026-02-27 10:28:32.712 PM,2.50003724
2026-02-27 10:28:39.712 PM,2.50003758
2026-02-27 10:28:46.714 PM,2.50003765
2026-02-27 10:28:53.735 PM,2.50003774
2026-02-27 10:29:00.758 PM,2.50003786
2026-02-27 10:29:07.777 PM,2.50003777
2026-02-27 10:29:14.775 PM,2.5000375
2026-02-27 10:29:21.798 PM,2.50003765
2026-02-27 10:29:28.817 PM,2.50003758
2026-02-27 10:29:35.831 PM,2.50003765
2026-02-27 10:29:42.839 PM,2.50003772
2026-02-27 10:29:49.859 PM,2.50003782
2026-02-27 10:29:56.884 PM,2.50003693
2026-02-27 10:30:03.897 PM,2.50003729
2026-02-27 10:30:10.917 PM,2.50003738
2026-02-27 10:30:17.913 PM,2.50003743
2026-02-27 10:30:24.933 PM,2.50003741
2026-02-27 10:30:31.936 PM,2.50003731
2026-02-27 10:30:38.951 PM,2.50003701
2026-02-27 10:30:45.954 PM,2.50003709
2026-02-27 10:30:52.973 PM,2.50003675
2026-02-27 10:30:59.995 PM,2.50003696
2026-02-27 10:31:07.016 PM,2.50003683
2026-02-27 10:31:14.026 PM,2.50003682
2026-02-27 10:31:21.035 PM,2.50003687
2026-02-27 10:31:28.052 PM,2.5000367
2026-02-27 10:31:35.074 PM,2.50003697
2026-02-27 10:31:42.076 PM,2.50003705
2026-02-27 10:31:49.103 PM,2.50003703
2026-02-27 10:31:56.124 PM,2.50003733
2026-02-27 10:32:03.135 PM,2.50003693
2026-02-27 10:32:10.139 PM,2.50003725
2026-02-27 10:32:17.138 PM,2.50003689
2026-02-27 10:32:24.161 PM,2.50003713
2026-02-27 10:32:31.187 PM,2.50003677
2026-02-27 10:32:38.215 PM,2.5000371
2026-02-27 10:32:45.215 PM,2.50003704
2026-02-27 10:32:52.215 PM,2.50003672
2026-02-27 10:32:59.232 PM,2.50003663
2026-02-27 10:33:06.236 PM,2.50003655
2026-02-27 10:33:13.268 PM,2.50003697
2026-02-27 10:33:20.298 PM,2.50003689
2026-02-27 10:33:27.313 PM,2.50003698
2026-02-27 10:33:34.343 PM,2.50003682
2026-02-27 10:33:41.369 PM,2.50003683
2026-02-27 10:33:48.391 PM,2.50003687
2026-02-27 10:33:55.412 PM,2.50003679
2026-02-27 10:34:02.430 PM,2.50003686
2026-02-27 10:34:09.449 PM,2.5000371
2026-02-27 10:34:16.465 PM,2.50003705
2026-02-27 10:34:23.464 PM,2.50003688
2026-02-27 10:34:30.466 PM,2.50003703
2026-02-27 10:34:37.484 PM,2.50003702
2026-02-27 10:34:44.512 PM,2.50003694
2026-02-27 10:34:51.510 PM,2.50003706
2026-02-27 10:34:58.512 PM,2.50003714
2026-02-27 10:35:05.517 PM,2.50003716
2026-02-27 10:35:12.547 PM,2.50003715
2026-02-27 10:35:19.558 PM,2.50003733
2026-02-27 10:35:26.573 PM,2.50003712
2026-02-27 10:35:33.575 PM,2.50003712
2026-02-27 10:35:40.579 PM,2.50003724
2026-02-27 10:35:47.609 PM,2.50003725
2026-02-27 10:35:54.642 PM,2.50003721
2026-02-27 10:36:01.653 PM,2.50003718
2026-02-27 10:36:08.662 PM,2.5000372
2026-02-27 10:36:15.687 PM,2.50003724
2026-02-27 10:36:22.719 PM,2.50003723
2026-02-27 10:36:29.729 PM,2.5000372
2026-02-27 10:36:36.733 PM,2.50003679
2026-02-27 10:36:43.768 PM,2.50003693
2026-02-27 10:36:50.778 PM,2.50003686
2026-02-27 10:36:57.792 PM,2.50003694
2026-02-27 10:37:04.834 PM,2.50003707
2026-02-27 10:37:11.851 PM,2.50003672
2026-02-27 10:37:18.853 PM,2.50003696
2026-02-27 10:37:25.869 PM,2.50003695
2026-02-27 10:37:32.870 PM,2.5000371
2026-02-27 10:37:39.867 PM,2.50003665
2026-02-27 10:37:46.874 PM,2.50003688
2026-02-27 10:37:53.874 PM,2.50003697
2026-02-27 10:38:00.880 PM,2.50003715
2026-02-27 10:38:07.918 PM,2.5000367
2026-02-27 10:38:14.940 PM,2.50003702
2026-02-27 10:38:21.951 PM,2.5000368
2026-02-27 10:38:28.965 PM,2.50003663
2026-02-27 10:38:35.968 PM,2.5000366
2026-02-27 10:38:42.987 PM,2.50003668
2026-02-27 10:38:50.004 PM,2.50003683
2026-02-27 10:38:57.030 PM,2.5000366
2026-02-27 10:39:04.042 PM,2.50003665
2026-02-27 10:39:11.049 PM,2.5000369
2026-02-27 10:39:18.080 PM,2.50003692
2026-02-27 10:39:25.097 PM,2.50003697
2026-02-27 10:39:32.124 PM,2.50003663
2026-02-27 10:39:39.140 PM,2.50003682
2026-02-27 10:39:46.176 PM,2.50003658
2026-02-27 10:39:53.200 PM,2.50003684
2026-02-27 10:40:00.220 PM,2.50003668
2026-02-27 10:40:07.242 PM,2.50003665
2026-02-27 10:40:14.247 PM,2.50003655
2026-02-27 10:40:21.245 PM,2.50003669
2026-02-27 10:40:28.262 PM,2.50003678
2026-02-27 10:40:35.279 PM,2.5000366
2026-02-27 10:40:42.304 PM,2.50003669
2026-02-27 10:40:49.324 PM,2.50003695
2026-02-27 10:40:56.324 PM,2.50003709
2026-02-27 10:41:03.340 PM,2.50003686
2026-02-27 10:41:10.340 PM,2.50003716
2026-02-27 10:41:17.358 PM,2.500037
2026-02-27 10:41:24.359 PM,2.5000369
2026-02-27 10:41:31.372 PM,2.50003709
2026-02-27 10:41:38.380 PM,2.50003706
2026-02-27 10:41:45.420 PM,2.50003695
2026-02-27 10:41:52.421 PM,2.50003705
2026-02-27 10:41:59.440 PM,2.50003683
2026-02-27 10:42:06.450 PM,2.50003697
2026-02-27 10:42:13.469 PM,2.50003709
2026-02-27 10:42:20.495 PM,2.50003735
2026-02-27 10:42:27.517 PM,2.50003794
2026-02-27 10:42:34.543 PM,2.50003733
2026-02-27 10:42:41.558 PM,2.50003679
2026-02-27 10:42:48.564 PM,2.50003704
2026-02-27 10:42:55.563 PM,2.50003695
2026-02-27 10:43:02.579 PM,2.50003665
2026-02-27 10:43:09.601 PM,2.50003665
2026-02-27 10:43:16.618 PM,2.50003708
2026-02-27 10:43:23.637 PM,2.500037
2026-02-27 10:43:30.653 PM,2.50003674
2026-02-27 10:43:37.682 PM,2.50003674
2026-02-27 10:43:44.702 PM,2.50003665
2026-02-27 10:43:51.715 PM,2.50003645
2026-02-27 10:43:58.746 PM,2.50003643
2026-02-27 10:44:05.772 PM,2.50003643
2026-02-27 10:44:12.796 PM,2.50003638
2026-02-27 10:44:19.801 PM,2.50003626
2026-02-27 10:44:26.817 PM,2.50003665
2026-02-27 10:44:33.840 PM,2.5000363
2026-02-27 10:44:40.843 PM,2.50003629
2026-02-27 10:44:47.878 PM,2.50003635
2026-02-27 10:44:54.894 PM,2.50003621
2026-02-27 10:45:01.913 PM,2.5000362
2026-02-27 10:45:08.934 PM,2.50003658
2026-02-27 10:45:15.967 PM,2.500037
2026-02-27 10:45:22.983 PM,2.5000365
2026-02-27 10:45:30.012 PM,2.50003641
2026-02-27 10:45:37.015 PM,2.50003626
2026-02-27 10:45:44.031 PM,2.50003638
2026-02-27 10:45:51.059 PM,2.50003623
2026-02-27 10:45:58.060 PM,2.50003641
2026-02-27 10:46:05.093 PM,2.5000363
2026-02-27 10:46:12.128 PM,2.50003648
2026-02-27 10:46:19.131 PM,2.5000366
2026-02-27 10:46:26.152 PM,2.50003655
2026-02-27 10:46:33.173 PM,2.50003655
2026-02-27 10:46:40.210 PM,2.50003625
2026-02-27 10:46:47.217 PM,2.50003623
2026-02-27 10:46:54.237 PM,2.50003641
2026-02-27 10:47:01.265 PM,2.5000365
2026-02-27 10:47:08.273 PM,2.50003631
2026-02-27 10:47:15.298 PM,2.50003606
2026-02-27 10:47:22.313 PM,2.50003638
2026-02-27 10:47:29.332 PM,2.5000363
2026-02-27 10:47:36.357 PM,2.5000363
2026-02-27 10:47:43.377 PM,2.50003648
2026-02-27 10:47:50.391 PM,2.50003619
2026-02-27 10:47:57.408 PM,2.50003625
2026-02-27 10:48:04.426 PM,2.50003628
2026-02-27 10:48:11.442 PM,2.5000362
2026-02-27 10:48:18.465 PM,2.50003625
2026-02-27 10:48:25.486 PM,2.50003618
2026-02-27 10:48:32.491 PM,2.5000365
2026-02-27 10:48:39.514 PM,2.50003655
2026-02-27 10:48:46.529 PM,2.50003653
2026-02-27 10:48:53.546 PM,2.50003648
2026-02-27 10:49:00.545 PM,2.50003633
2026-02-27 10:49:07.566 PM,2.50003677
2026-02-27 10:49:14.587 PM,2.50003673
2026-02-27 10:49:21.607 PM,2.50003669
2026-02-27 10:49:28.630 PM,2.50003673
2026-02-27 10:49:35.652 PM,2.5000365
2026-02-27 10:49:42.649 PM,2.50003674
2026-02-27 10:49:49.674 PM,2.50003669
2026-02-27 10:49:56.699 PM,2.50003682
2026-02-27 10:50:03.725 PM,2.50003706
2026-02-27 10:50:10.745 PM,2.50003679
2026-02-27 10:50:17.761 PM,2.5000368
2026-02-27 10:50:24.786 PM,2.50003668
2026-02-27 10:50:31.802 PM,2.50003674
2026-02-27 10:50:38.820 PM,2.50003648
2026-02-27 10:50:45.827 PM,2.50003653
2026-02-27 10:50:52.847 PM,2.5000363
2026-02-27 10:50:59.865 PM,2.50003643
2026-02-27 10:51:06.894 PM,2.50003655
2026-02-27 10:51:13.924 PM,2.50003691
2026-02-27 10:51:20.935 PM,2.50003658
2026-02-27 10:51:27.959 PM,2.50003648
2026-02-27 10:51:34.983 PM,2.50003648
2026-02-27 10:51:41.996 PM,2.50003665
2026-02-27 10:51:49.014 PM,2.50003655
2026-02-27 10:51:56.024 PM,2.50003655
2026-02-27 10:52:03.046 PM,2.50003633
2026-02-27 10:52:10.063 PM,2.50003648
2026-02-27 10:52:17.078 PM,2.50003643
2026-02-27 10:52:24.105 PM,2.50003653
2026-02-27 10:52:31.119 PM,2.50003663
2026-02-27 10:52:38.139 PM,2.5000365
2026-02-27 10:52:45.164 PM,2.50003638
2026-02-27 10:52:52.185 PM,2.50003645
2026-02-27 10:52:59.206 PM,2.50003653
2026-02-27 10:53:06.225 PM,2.5000365
2026-02-27 10:53:13.226 PM,2.50003645
2026-02-27 10:53:20.243 PM,2.50003643
2026-02-27 10:53:27.262 PM,2.50003658
2026-02-27 10:53:34.263 PM,2.50003665
2026-02-27 10:53:41.280 PM,2.5000365
2026-02-27 10:53:48.297 PM,2.50003699
2026-02-27 10:53:55.306 PM,2.50003696
2026-02-27 10:54:02.323 PM,2.50003669
2026-02-27 10:54:09.341 PM,2.50003694
2026-02-27 10:54:16.342 PM,2.50003674
2026-02-27 10:54:23.361 PM,2.50003658
2026-02-27 10:54:30.360 PM,2.50003674
2026-02-27 10:54:37.371 PM,2.50003669
2026-02-27 10:54:44.386 PM,2.50003695
2026-02-27 10:54:51.426 PM,2.50003635
2026-02-27 10:54:58.474 PM,2.5000365
2026-02-27 10:55:05.474 PM,2.50003669
2026-02-27 10:55:12.479 PM,2.5000368
2026-02-27 10:55:19.497 PM,2.50003729
2026-02-27 10:55:26.498 PM,2.50003718
2026-02-27 10:55:33.497 PM,2.50003709
2026-02-27 10:55:40.529 PM,2.50003731
2026-02-27 10:55:47.560 PM,2.50003687
2026-02-27 10:55:54.577 PM,2.50003719
2026-02-27 10:56:01.590 PM,2.50003718
2026-02-27 10:56:08.587 PM,2.5000371
2026-02-27 10:56:15.602 PM,2.5000372
2026-02-27 10:56:22.626 PM,2.5000369
2026-02-27 10:56:29.633 PM,2.50003687
2026-02-27 10:56:36.656 PM,2.50003678
2026-02-27 10:56:43.681 PM,2.50003688
2026-02-27 10:56:50.681 PM,2.50003728
2026-02-27 10:56:57.680 PM,2.5000375
2026-02-27 10:57:04.685 PM,2.50003765
2026-02-27 10:57:11.704 PM,2.50003729
2026-02-27 10:57:18.719 PM,2.50003755
2026-02-27 10:57:25.736 PM,2.5000376
2026-02-27 10:57:32.765 PM,2.50003765
2026-02-27 10:57:39.792 PM,2.50003753
2026-02-27 10:57:46.818 PM,2.50003748
2026-02-27 10:57:53.838 PM,2.50003745
2026-02-27 10:58:00.871 PM,2.50003733
2026-02-27 10:58:07.872 PM,2.50003729
2026-02-27 10:58:14.887 PM,2.50003726
2026-02-27 10:58:21.891 PM,2.50003721
2026-02-27 10:58:28.913 PM,2.500037
2026-02-27 10:58:35.932 PM,2.50003701
2026-02-27 10:58:42.934 PM,2.5000371
2026-02-27 10:58:49.955 PM,2.50003703
2026-02-27 10:58:56.977 PM,2.50003714
2026-02-27 10:59:04.018 PM,2.50003709
2026-02-27 10:59:11.040 PM,2.5000371
2026-02-27 10:59:18.059 PM,2.50003708
2026-02-27 10:59:25.075 PM,2.50003696
2026-02-27 10:59:32.098 PM,2.50003655
2026-02-27 10:59:39.099 PM,2.50003669
2026-02-27 10:59:46.111 PM,2.50003679
2026-02-27 10:59:53.119 PM,2.50003703
2026-02-27 11:00:00.134 PM,2.50003695
2026-02-27 11:00:07.150 PM,2.5000365
2026-02-27 11:00:14.174 PM,2.50003625
2026-02-27 11:00:21.171 PM,2.5000366
2026-02-27 11:00:28.201 PM,2.50003708
2026-02-27 11:00:35.225 PM,2.5000369
2026-02-27 11:00:42.235 PM,2.50003741
2026-02-27 11:00:49.254 PM,2.50003715
2026-02-27 11:00:56.303 PM,2.50003733
2026-02-27 11:01:03.327 PM,2.50003709
2026-02-27 11:01:10.349 PM,2.50003728
2026-02-27 11:01:17.371 PM,2.5000373
2026-02-27 11:01:24.381 PM,2.50003743
2026-02-27 11:01:31.388 PM,2.50003698
2026-02-27 11:01:38.432 PM,2.50003703
2026-02-27 11:01:45.431 PM,2.50003701
2026-02-27 11:01:52.459 PM,2.50003692
2026-02-27 11:01:59.469 PM,2.50003678
2026-02-27 11:02:06.489 PM,2.50003679
2026-02-27 11:02:13.509 PM,2.5000366
2026-02-27 11:02:20.526 PM,2.50003658
2026-02-27 11:02:27.565 PM,2.50003663
2026-02-27 11:02:34.608 PM,2.5000365
2026-02-27 11:02:41.636 PM,2.50003641
2026-02-27 11:02:48.642 PM,2.50003625
2026-02-27 11:02:55.670 PM,2.50003635
2026-02-27 11:03:02.698 PM,2.50003625
2026-02-27 11:03:09.713 PM,2.50003643
2026-02-27 11:03:16.761 PM,2.50003624
2026-02-27 11:03:23.776 PM,2.50003628
2026-02-27 11:03:30.798 PM,2.50003608
2026-02-27 11:03:37.822 PM,2.50003616
2026-02-27 11:03:44.820 PM,2.50003631
2026-02-27 11:03:51.839 PM,2.50003628
2026-02-27 11:03:58.848 PM,2.50003643
2026-02-27 11:04:05.866 PM,2.50003641
2026-02-27 11:04:12.886 PM,2.50003633
2026-02-27 11:04:19.907 PM,2.5000365
2026-02-27 11:04:26.943 PM,2.50003591
2026-02-27 11:04:33.950 PM,2.50003621
2026-02-27 11:04:40.968 PM,2.50003602
2026-02-27 11:04:47.971 PM,2.50003608
2026-02-27 11:04:54.988 PM,2.50003614
2026-02-27 11:05:02.001 PM,2.50003635
2026-02-27 11:05:09.020 PM,2.50003635
2026-02-27 11:05:16.046 PM,2.50003655
2026-02-27 11:05:23.081 PM,2.50003655
2026-02-27 11:05:30.110 PM,2.50003609
2026-02-27 11:05:37.138 PM,2.50003615
2026-02-27 11:05:44.153 PM,2.50003601
2026-02-27 11:05:51.158 PM,2.50003616
2026-02-27 11:05:58.184 PM,2.50003574
2026-02-27 11:06:05.203 PM,2.50003625
2026-02-27 11:06:12.223 PM,2.5000363
2026-02-27 11:06:19.243 PM,2.50003631
2026-02-27 11:06:26.263 PM,2.50003601
2026-02-27 11:06:33.283 PM,2.50003607
2026-02-27 11:06:40.319 PM,2.5000361
2026-02-27 11:06:47.350 PM,2.50003597
2026-02-27 11:06:54.360 PM,2.50003604
2026-02-27 11:07:01.361 PM,2.50003613
2026-02-27 11:07:08.362 PM,2.50003594
2026-02-27 11:07:15.378 PM,2.50003605
2026-02-27 11:07:22.395 PM,2.5000362
2026-02-27 11:07:29.421 PM,2.50003628
2026-02-27 11:07:36.441 PM,2.50003626
2026-02-27 11:07:43.450 PM,2.50003628
2026-02-27 11:07:50.462 PM,2.50003641
2026-02-27 11:07:57.483 PM,2.50003621
2026-02-27 11:08:04.513 PM,2.50003621
2026-02-27 11:08:11.531 PM,2.50003628
2026-02-27 11:08:18.545 PM,2.50003674
2026-02-27 11:08:25.560 PM,2.50003643
2026-02-27 11:08:32.577 PM,2.5000366
2026-02-27 11:08:39.599 PM,2.50003673
2026-02-27 11:08:46.623 PM,2.50003665
2026-02-27 11:08:53.640 PM,2.50003638
2026-02-27 11:09:00.659 PM,2.50003658
2026-02-27 11:09:07.679 PM,2.50003616
2026-02-27 11:09:14.698 PM,2.50003669
2026-02-27 11:09:21.703 PM,2.5000365
2026-02-27 11:09:28.733 PM,2.50003638
2026-02-27 11:09:35.759 PM,2.50003633
2026-02-27 11:09:42.760 PM,2.50003655
2026-02-27 11:09:49.779 PM,2.50003665
2026-02-27 11:09:56.802 PM,2.50003633
2026-02-27 11:10:03.797 PM,2.50003619
2026-02-27 11:10:10.805 PM,2.50003645
2026-02-27 11:10:17.822 PM,2.50003638
2026-02-27 11:10:24.818 PM,2.50003635
2026-02-27 11:10:31.836 PM,2.50003601
2026-02-27 11:10:38.842 PM,2.50003633
2026-02-27 11:10:45.857 PM,2.50003613
2026-02-27 11:10:52.880 PM,2.50003608
2026-02-27 11:10:59.903 PM,2.50003628
2026-02-27 11:11:06.903 PM,2.50003609
2026-02-27 11:11:13.909 PM,2.5000359
2026-02-27 11:11:20.922 PM,2.50003587
2026-02-27 11:11:27.922 PM,2.500036
2026-02-27 11:11:34.960 PM,2.50003597
2026-02-27 11:11:41.967 PM,2.50003603
2026-02-27 11:11:48.974 PM,2.50003601
2026-02-27 11:11:55.994 PM,2.50003608
2026-02-27 11:12:02.996 PM,2.50003625
2026-02-27 11:12:10.009 PM,2.50003633
2026-02-27 11:12:17.036 PM,2.50003614
2026-02-27 11:12:24.066 PM,2.50003638
2026-02-27 11:12:31.095 PM,2.50003629
2026-02-27 11:12:38.095 PM,2.50003645
2026-02-27 11:12:45.121 PM,2.5000368
2026-02-27 11:12:52.140 PM,2.50003635
2026-02-27 11:12:59.170 PM,2.50003648
2026-02-27 11:13:06.188 PM,2.5000366
2026-02-27 11:13:13.198 PM,2.50003718
2026-02-27 11:13:20.216 PM,2.50003702
2026-02-27 11:13:27.229 PM,2.50003638
2026-02-27 11:13:34.259 PM,2.50003612
2026-02-27 11:13:41.262 PM,2.50003645
2026-02-27 11:13:48.279 PM,2.50003612
2026-02-27 11:13:55.308 PM,2.50003628
2026-02-27 11:14:02.331 PM,2.50003624
2026-02-27 11:14:09.353 PM,2.50003653
2026-02-27 11:14:16.369 PM,2.50003635
2026-02-27 11:14:23.388 PM,2.50003633
2026-02-27 11:14:30.396 PM,2.50003626
2026-02-27 11:14:37.414 PM,2.50003623
2026-02-27 11:14:44.431 PM,2.50003635
2026-02-27 11:14:51.435 PM,2.50003633
2026-02-27 11:14:58.449 PM,2.5000365
2026-02-27 11:15:05.465 PM,2.50003677
2026-02-27 11:15:12.491 PM,2.50003673
2026-02-27 11:15:19.513 PM,2.50003633
2026-02-27 11:15:26.523 PM,2.50003631
2026-02-27 11:15:33.541 PM,2.50003614
2026-02-27 11:15:40.553 PM,2.50003583
2026-02-27 11:15:47.556 PM,2.50003593
2026-02-27 11:15:54.583 PM,2.50003615
2026-02-27 11:16:01.590 PM,2.50003579
2026-02-27 11:16:08.592 PM,2.50003602
2026-02-27 11:16:15.621 PM,2.50003585
2026-02-27 11:16:22.662 PM,2.50003593
2026-02-27 11:16:29.675 PM,2.50003612
2026-02-27 11:16:36.690 PM,2.500036
2026-02-27 11:16:43.710 PM,2.50003623
2026-02-27 11:16:50.727 PM,2.50003618
2026-02-27 11:16:57.741 PM,2.50003591
2026-02-27 11:17:04.771 PM,2.50003615
2026-02-27 11:17:11.782 PM,2.5000362
2026-02-27 11:17:18.787 PM,2.50003635
2026-02-27 11:17:25.796 PM,2.50003629
2026-02-27 11:17:32.831 PM,2.5000362
2026-02-27 11:17:39.834 PM,2.50003624
2026-02-27 11:17:46.853 PM,2.5000363
2026-02-27 11:17:53.878 PM,2.50003615
2026-02-27 11:18:00.893 PM,2.50003678
2026-02-27 11:18:07.894 PM,2.50003631
2026-02-27 11:18:14.911 PM,2.50003595
2026-02-27 11:18:21.943 PM,2.50003605
2026-02-27 11:18:28.965 PM,2.5000362
2026-02-27 11:18:35.989 PM,2.5000362
2026-02-27 11:18:43.012 PM,2.50003629
2026-02-27 11:18:50.031 PM,2.5000363
2026-02-27 11:18:57.044 PM,2.50003638
2026-02-27 11:19:04.063 PM,2.50003619
2026-02-27 11:19:11.071 PM,2.50003633
2026-02-27 11:19:18.091 PM,2.50003645
2026-02-27 11:19:25.121 PM,2.5000363
2026-02-27 11:19:32.127 PM,2.50003643
2026-02-27 11:19:39.148 PM,2.50003633
2026-02-27 11:19:46.155 PM,2.50003625
2026-02-27 11:19:53.170 PM,2.5000362
2026-02-27 11:20:00.169 PM,2.50003614
2026-02-27 11:20:07.191 PM,2.50003597
2026-02-27 11:20:14.205 PM,2.50003572
2026-02-27 11:20:21.212 PM,2.50003569
2026-02-27 11:20:28.220 PM,2.50003553
2026-02-27 11:20:35.231 PM,2.50003543
2026-02-27 11:20:42.254 PM,2.50003575
2026-02-27 11:20:49.280 PM,2.50003582
2026-02-27 11:20:56.299 PM,2.50003601
2026-02-27 11:21:03.320 PM,2.50003568
2026-02-27 11:21:10.324 PM,2.50003579
2026-02-27 11:21:17.329 PM,2.50003555
2026-02-27 11:21:24.341 PM,2.50003583
2026-02-27 11:21:31.375 PM,2.5000361
2026-02-27 11:21:38.388 PM,2.50003579
2026-02-27 11:21:45.389 PM,2.50003558
2026-02-27 11:21:52.434 PM,2.50003565
2026-02-27 11:21:59.447 PM,2.50003588
2026-02-27 11:22:06.446 PM,2.50003543
2026-02-27 11:22:13.467 PM,2.5000359
2026-02-27 11:22:20.503 PM,2.50003579
2026-02-27 11:22:27.522 PM,2.5000357
2026-02-27 11:22:34.543 PM,2.5000356
2026-02-27 11:22:41.572 PM,2.50003604
2026-02-27 11:22:48.574 PM,2.50003602
2026-02-27 11:22:55.571 PM,2.50003641
2026-02-27 11:23:02.599 PM,2.50003643
2026-02-27 11:23:09.618 PM,2.50003638
2026-02-27 11:23:16.639 PM,2.50003633
2026-02-27 11:23:23.645 PM,2.50003631
2026-02-27 11:23:30.679 PM,2.50003602
2026-02-27 11:23:37.699 PM,2.50003638
2026-02-27 11:23:44.699 PM,2.5000363
2026-02-27 11:23:51.715 PM,2.50003609
2026-02-27 11:23:58.727 PM,2.50003591
2026-02-27 11:24:05.749 PM,2.50003601
2026-02-27 11:24:12.748 PM,2.50003653
2026-02-27 11:24:19.775 PM,2.50003648
2026-02-27 11:24:26.793 PM,2.50003658
2026-02-27 11:24:33.815 PM,2.5000365
2026-02-27 11:24:40.821 PM,2.50003663
2026-02-27 11:24:47.839 PM,2.50003655
2026-02-27 11:24:54.843 PM,2.5000365
2026-02-27 11:25:01.861 PM,2.50003665
2026-02-27 11:25:08.858 PM,2.50003687
2026-02-27 11:25:15.862 PM,2.50003653
2026-02-27 11:25:22.896 PM,2.50003689
2026-02-27 11:25:29.904 PM,2.5000369
2026-02-27 11:25:36.923 PM,2.50003674
2026-02-27 11:25:43.950 PM,2.50003688
2026-02-27 11:25:50.964 PM,2.50003714
2026-02-27 11:25:57.978 PM,2.50003719
2026-02-27 11:26:04.983 PM,2.50003705
2026-02-27 11:26:12.000 PM,2.50003741
2026-02-27 11:26:19.015 PM,2.50003709
2026-02-27 11:26:26.034 PM,2.50003704
2026-02-27 11:26:33.041 PM,2.50003697
2026-02-27 11:26:40.041 PM,2.50003682
2026-02-27 11:26:47.041 PM,2.50003701
2026-02-27 11:26:54.060 PM,2.50003665
2026-02-27 11:27:01.084 PM,2.50003672
2026-02-27 11:27:08.115 PM,2.50003669
2026-02-27 11:27:15.137 PM,2.50003669
2026-02-27 11:27:22.138 PM,2.5000366
2026-02-27 11:27:29.158 PM,2.5000368
2026-02-27 11:27:36.186 PM,2.50003655
2026-02-27 11:27:43.200 PM,2.5000366
2026-02-27 11:27:50.238 PM,2.50003626
2026-02-27 11:27:57.260 PM,2.50003601
2026-02-27 11:28:04.261 PM,2.50003609
2026-02-27 11:28:11.273 PM,2.50003653
2026-02-27 11:28:18.275 PM,2.50003665
2026-02-27 11:28:25.293 PM,2.50003668
2026-02-27 11:28:32.295 PM,2.50003683
2026-02-27 11:28:39.296 PM,2.50003682
2026-02-27 11:28:46.325 PM,2.5000371
2026-02-27 11:28:53.331 PM,2.50003704
2026-02-27 11:29:00.362 PM,2.50003694
2026-02-27 11:29:07.394 PM,2.50003635
2026-02-27 11:29:14.417 PM,2.50003663
2026-02-27 11:29:21.437 PM,2.50003713
2026-02-27 11:29:28.463 PM,2.50003645
2026-02-27 11:29:35.478 PM,2.50003665
2026-02-27 11:29:42.478 PM,2.50003686
2026-02-27 11:29:49.510 PM,2.50003674
2026-02-27 11:29:56.510 PM,2.50003663
2026-02-27 11:30:03.513 PM,2.50003638
2026-02-27 11:30:10.530 PM,2.5000365
2026-02-27 11:30:17.532 PM,2.50003638
2026-02-27 11:30:24.565 PM,2.5000365
2026-02-27 11:30:31.589 PM,2.5000367
2026-02-27 11:30:38.605 PM,2.50003655
2026-02-27 11:30:45.622 PM,2.50003663
2026-02-27 11:30:52.634 PM,2.50003633
2026-02-27 11:30:59.636 PM,2.50003665
2026-02-27 11:31:06.638 PM,2.5000365
2026-02-27 11:31:13.642 PM,2.5000366
2026-02-27 11:31:20.659 PM,2.50003645
2026-02-27 11:31:27.690 PM,2.50003643
2026-02-27 11:31:34.698 PM,2.5000366
2026-02-27 11:31:41.718 PM,2.50003653
2026-02-27 11:31:48.728 PM,2.50003674
2026-02-27 11:31:55.737 PM,2.50003687
2026-02-27 11:32:02.755 PM,2.50003684
2026-02-27 11:32:09.764 PM,2.50003675
2026-02-27 11:32:16.796 PM,2.5000371
2026-02-27 11:32:23.812 PM,2.5000372
2026-02-27 11:32:30.827 PM,2.5000371
2026-02-27 11:32:37.851 PM,2.5000365
2026-02-27 11:32:44.855 PM,2.50003641
2026-02-27 11:32:51.870 PM,2.50003615
2026-02-27 11:32:58.893 PM,2.5000363
2026-02-27 11:33:05.919 PM,2.5000362
2026-02-27 11:33:12.934 PM,2.50003625
2026-02-27 11:33:19.949 PM,2.50003633
2026-02-27 11:33:26.980 PM,2.5000361
2026-02-27 11:33:33.976 PM,2.5000363
2026-02-27 11:33:40.985 PM,2.5000363
2026-02-27 11:33:48.002 PM,2.50003621
2026-02-27 11:33:55.012 PM,2.50003598
2026-02-27 11:34:02.027 PM,2.50003615
2026-02-27 11:34:09.034 PM,2.50003623
2026-02-27 11:34:16.060 PM,2.50003603
2026-02-27 11:34:23.072 PM,2.50003635
2026-02-27 11:34:30.076 PM,2.50003615
2026-02-27 11:34:37.094 PM,2.50003604
2026-02-27 11:34:44.098 PM,2.50003574
2026-02-27 11:34:51.129 PM,2.50003594
2026-02-27 11:34:58.139 PM,2.50003613
2026-02-27 11:35:05.150 PM,2.50003608
2026-02-27 11:35:12.173 PM,2.50003625
2026-02-27 11:35:19.202 PM,2.5000363
2026-02-27 11:35:26.204 PM,2.50003597
2026-02-27 11:35:33.234 PM,2.50003615
2026-02-27 11:35:40.265 PM,2.50003608
2026-02-27 11:35:47.289 PM,2.50003623
2026-02-27 11:35:54.311 PM,2.50003572
2026-02-27 11:36:01.322 PM,2.50003589
2026-02-27 11:36:08.338 PM,2.50003607
2026-02-27 11:36:15.353 PM,2.50003591
2026-02-27 11:36:22.366 PM,2.50003593
2026-02-27 11:36:29.385 PM,2.50003597
2026-02-27 11:36:36.385 PM,2.50003579
2026-02-27 11:36:43.403 PM,2.5000357
2026-02-27 11:36:50.437 PM,2.50003553
2026-02-27 11:36:57.447 PM,2.50003585
2026-02-27 11:37:04.463 PM,2.50003574
2026-02-27 11:37:11.467 PM,2.50003599
2026-02-27 11:37:18.484 PM,2.50003583
2026-02-27 11:37:25.508 PM,2.50003592
2026-02-27 11:37:32.530 PM,2.50003577
2026-02-27 11:37:39.548 PM,2.50003589
2026-02-27 11:37:46.557 PM,2.50003607
2026-02-27 11:37:53.568 PM,2.50003625
2026-02-27 11:38:00.589 PM,2.50003609
2026-02-27 11:38:07.605 PM,2.50003615
2026-02-27 11:38:14.622 PM,2.50003586
2026-02-27 11:38:21.644 PM,2.5000361
2026-02-27 11:38:28.667 PM,2.50003594
2026-02-27 11:38:35.682 PM,2.50003601
2026-02-27 11:38:42.704 PM,2.50003595
2026-02-27 11:38:49.728 PM,2.50003574
2026-02-27 11:38:56.738 PM,2.50003582
2026-02-27 11:39:03.756 PM,2.50003602
2026-02-27 11:39:10.776 PM,2.50003573
2026-02-27 11:39:17.783 PM,2.50003579
2026-02-27 11:39:24.803 PM,2.50003558
2026-02-27 11:39:31.826 PM,2.50003578
2026-02-27 11:39:38.846 PM,2.50003623
2026-02-27 11:39:45.862 PM,2.50003608
2026-02-27 11:39:52.886 PM,2.50003579
2026-02-27 11:39:59.907 PM,2.50003606
2026-02-27 11:40:06.936 PM,2.50003604
2026-02-27 11:40:13.949 PM,2.50003609
2026-02-27 11:40:20.978 PM,2.5000358
2026-02-27 11:40:27.991 PM,2.50003625
2026-02-27 11:40:34.999 PM,2.50003582
2026-02-27 11:40:42.019 PM,2.50003599
2026-02-27 11:40:49.023 PM,2.50003579
2026-02-27 11:40:56.045 PM,2.50003569
2026-02-27 11:41:03.076 PM,2.50003578
2026-02-27 11:41:10.097 PM,2.5000355
2026-02-27 11:41:17.118 PM,2.50003538
2026-02-27 11:41:24.133 PM,2.50003543
2026-02-27 11:41:31.137 PM,2.50003538
2026-02-27 11:41:38.138 PM,2.5000355
2026-02-27 11:41:45.147 PM,2.50003531
2026-02-27 11:41:52.170 PM,2.50003555
2026-02-27 11:41:59.194 PM,2.50003531
2026-02-27 11:42:06.202 PM,2.50003553
2026-02-27 11:42:13.202 PM,2.50003545
2026-02-27 11:42:20.221 PM,2.50003569
2026-02-27 11:42:27.246 PM,2.5000356
2026-02-27 11:42:34.265 PM,2.50003587
2026-02-27 11:42:41.282 PM,2.50003585
2026-02-27 11:42:48.298 PM,2.50003543
2026-02-27 11:42:55.302 PM,2.50003579
2026-02-27 11:43:02.324 PM,2.50003553
2026-02-27 11:43:09.339 PM,2.50003538
2026-02-27 11:43:16.348 PM,2.50003585
2026-02-27 11:43:23.361 PM,2.50003543
2026-02-27 11:43:30.361 PM,2.50003529
2026-02-27 11:43:37.381 PM,2.50003545
2026-02-27 11:43:44.381 PM,2.50003538
2026-02-27 11:43:51.392 PM,2.5000355
2026-02-27 11:43:58.396 PM,2.50003563
2026-02-27 11:44:05.414 PM,2.5000355
2026-02-27 11:44:12.432 PM,2.50003538
2026-02-27 11:44:19.457 PM,2.50003529
2026-02-27 11:44:26.487 PM,2.50003516
2026-02-27 11:44:33.517 PM,2.50003573
2026-02-27 11:44:40.532 PM,2.50003529
2026-02-27 11:44:47.556 PM,2.50003531
2026-02-27 11:44:54.582 PM,2.50003555
2026-02-27 11:45:01.587 PM,2.5000356
2026-02-27 11:45:08.592 PM,2.50003545
2026-02-27 11:45:15.612 PM,2.50003543
2026-02-27 11:45:22.635 PM,2.50003533
2026-02-27 11:45:29.654 PM,2.50003543
2026-02-27 11:45:36.654 PM,2.50003558
2026-02-27 11:45:43.673 PM,2.5000356
2026-02-27 11:45:50.690 PM,2.50003515
2026-02-27 11:45:57.713 PM,2.50003526
2026-02-27 11:46:04.712 PM,2.50003555
2026-02-27 11:46:11.717 PM,2.50003533
2026-02-27 11:46:18.733 PM,2.500035
2026-02-27 11:46:25.752 PM,2.50003458
2026-02-27 11:46:32.770 PM,2.5000352
2026-02-27 11:46:39.780 PM,2.50003502
2026-02-27 11:46:46.812 PM,2.50003474
2026-02-27 11:46:53.819 PM,2.50003473
2026-02-27 11:47:00.836 PM,2.50003487
2026-02-27 11:47:07.843 PM,2.50003479
2026-02-27 11:47:14.860 PM,2.50003474
2026-02-27 11:47:21.872 PM,2.50003465
2026-02-27 11:47:28.877 PM,2.50003463
2026-02-27 11:47:35.907 PM,2.50003438
2026-02-27 11:47:42.914 PM,2.50003463
2026-02-27 11:47:49.935 PM,2.50003486
2026-02-27 11:47:56.955 PM,2.50003465
2026-02-27 11:48:03.982 PM,2.50003488
2026-02-27 11:48:10.985 PM,2.50003445
2026-02-27 11:48:17.999 PM,2.50003448
2026-02-27 11:48:24.996 PM,2.50003424
2026-02-27 11:48:32.018 PM,2.50003472
2026-02-27 11:48:39.038 PM,2.5000346
2026-02-27 11:48:46.049 PM,2.5000346
2026-02-27 11:48:53.049 PM,2.50003435
2026-02-27 11:49:00.056 PM,2.50003458
2026-02-27 11:49:07.080 PM,2.50003469
2026-02-27 11:49:14.098 PM,2.50003469
2026-02-27 11:49:21.130 PM,2.50003465
2026-02-27 11:49:28.153 PM,2.50003453
2026-02-27 11:49:35.172 PM,2.50003463
2026-02-27 11:49:42.169 PM,2.5000346
2026-02-27 11:49:49.189 PM,2.50003463
2026-02-27 11:49:56.209 PM,2.50003425
2026-02-27 11:50:03.211 PM,2.50003465
2026-02-27 11:50:10.251 PM,2.50003453
2026-02-27 11:50:17.263 PM,2.5000343
2026-02-27 11:50:24.286 PM,2.50003438
2026-02-27 11:50:31.294 PM,2.50003438
2026-02-27 11:50:38.315 PM,2.50003438
2026-02-27 11:50:45.342 PM,2.5000345
2026-02-27 11:50:52.356 PM,2.50003509
2026-02-27 11:50:59.373 PM,2.5000347
2026-02-27 11:51:06.383 PM,2.5000347
2026-02-27 11:51:13.407 PM,2.50003477
2026-02-27 11:51:20.431 PM,2.5000346
2026-02-27 11:51:27.450 PM,2.50003455
2026-02-27 11:51:34.452 PM,2.5000346
2026-02-27 11:51:41.482 PM,2.50003525
2026-02-27 11:51:48.508 PM,2.5000352
2026-02-27 11:51:55.526 PM,2.50003479
2026-02-27 11:52:02.540 PM,2.50003463
2026-02-27 11:52:09.553 PM,2.50003474
2026-02-27 11:52:16.569 PM,2.50003448
2026-02-27 11:52:23.572 PM,2.5000346
2026-02-27 11:52:30.589 PM,2.50003458
2026-02-27 11:52:37.608 PM,2.50003443
2026-02-27 11:52:44.629 PM,2.50003426
2026-02-27 11:52:51.643 PM,2.5000341
2026-02-27 11:52:58.666 PM,2.50003458
2026-02-27 11:53:05.681 PM,2.50003458
2026-02-27 11:53:12.704 PM,2.50003419
2026-02-27 11:53:19.721 PM,2.50003415
2026-02-27 11:53:26.744 PM,2.50003415
2026-02-27 11:53:33.764 PM,2.50003478
2026-02-27 11:53:40.787 PM,2.50003496
2026-02-27 11:53:47.787 PM,2.50003491
2026-02-27 11:53:54.799 PM,2.50003463
2026-02-27 11:54:01.817 PM,2.50003445
2026-02-27 11:54:08.828 PM,2.5000346
2026-02-27 11:54:15.827 PM,2.50003465
2026-02-27 11:54:22.828 PM,2.50003453
2026-02-27 11:54:29.854 PM,2.5000345
2026-02-27 11:54:36.869 PM,2.50003433
2026-02-27 11:54:43.887 PM,2.50003475
2026-02-27 11:54:50.902 PM,2.5000351
2026-02-27 11:54:57.907 PM,2.5000348
2026-02-27 11:55:04.915 PM,2.50003469
2026-02-27 11:55:11.934 PM,2.50003469
2026-02-27 11:55:18.950 PM,2.50003472
2026-02-27 11:55:25.950 PM,2.5000346
2026-02-27 11:55:32.981 PM,2.5000348
2026-02-27 11:55:39.997 PM,2.50003469
2026-02-27 11:55:46.993 PM,2.50003474
2026-02-27 11:55:54.013 PM,2.5000346
2026-02-27 11:56:01.028 PM,2.50003433
2026-02-27 11:56:08.054 PM,2.50003448
2026-02-27 11:56:15.065 PM,2.50003448
2026-02-27 11:56:22.076 PM,2.50003429
2026-02-27 11:56:29.086 PM,2.50003445
2026-02-27 11:56:36.085 PM,2.50003443
2026-02-27 11:56:43.082 PM,2.50003486
2026-02-27 11:56:50.084 PM,2.50003448
2026-02-27 11:56:57.084 PM,2.50003443
2026-02-27 11:57:04.107 PM,2.50003465
2026-02-27 11:57:11.123 PM,2.50003475
2026-02-27 11:57:18.147 PM,2.50003458
2026-02-27 11:57:25.147 PM,2.50003468
2026-02-27 11:57:32.148 PM,2.50003415
2026-02-27 11:57:39.165 PM,2.500034
2026-02-27 11:57:46.185 PM,2.50003433
2026-02-27 11:57:53.207 PM,2.50003401
2026-02-27 11:58:00.226 PM,2.50003418
2026-02-27 11:58:07.231 PM,2.5000339
2026-02-27 11:58:14.241 PM,2.50003398
2026-02-27 11:58:21.246 PM,2.50003399
2026-02-27 11:58:28.249 PM,2.50003395
2026-02-27 11:58:35.280 PM,2.50003318
2026-02-27 11:58:42.280 PM,2.5000335
2026-02-27 11:58:49.285 PM,2.5000335
2026-02-27 11:58:56.313 PM,2.50003279
2026-02-27 11:59:03.307 PM,2.50003315
2026-02-27 11:59:10.328 PM,2.50003329
2026-02-27 11:59:17.358 PM,2.50003333
2026-02-27 11:59:24.366 PM,2.5000336
2026-02-27 11:59:31.387 PM,2.5000339
2026-02-27 11:59:38.384 PM,2.50003369
2026-02-27 11:59:45.423 PM,2.50003373
2026-02-27 11:59:52.439 PM,2.50003374
2026-02-27 11:59:59.478 PM,2.50003358
2026-02-28 12:00:06.496 AM,2.50003372
2026-02-28 12:00:13.496 AM,2.50003415
2026-02-28 12:00:20.517 AM,2.5000345
2026-02-28 12:00:27.524 AM,2.50003455
2026-02-28 12:00:34.544 AM,2.50003445
2026-02-28 12:00:41.562 AM,2.50003338
2026-02-28 12:00:48.580 AM,2.50003345
2026-02-28 12:00:55.593 AM,2.50003348
2026-02-28 12:01:02.605 AM,2.50003304
2026-02-28 12:01:09.608 AM,2.50003293
2026-02-28 12:01:16.641 AM,2.50003307
2026-02-28 12:01:23.648 AM,2.50003319
2026-02-28 12:01:30.668 AM,2.50003314
2026-02-28 12:01:37.685 AM,2.50003299
2026-02-28 12:01:44.685 AM,2.50003307
2026-02-28 12:01:51.699 AM,2.50003335
2026-02-28 12:01:58.719 AM,2.50003393
2026-02-28 12:02:05.730 AM,2.50003368
2026-02-28 12:02:12.735 AM,2.50003301
2026-02-28 12:02:19.755 AM,2.50003268
2026-02-28 12:02:26.782 AM,2.50003265
2026-02-28 12:02:33.810 AM,2.50003263
2026-02-28 12:02:40.842 AM,2.50003303
2026-02-28 12:02:47.842 AM,2.50003338
2026-02-28 12:02:54.857 AM,2.50003325
2026-02-28 12:03:01.863 AM,2.50003355
2026-02-28 12:03:08.870 AM,2.5000335
2026-02-28 12:03:15.896 AM,2.50003279
2026-02-28 12:03:22.903 AM,2.50003224
2026-02-28 12:03:29.919 AM,2.50003195
2026-02-28 12:03:36.923 AM,2.50003258
2026-02-28 12:03:43.939 AM,2.50003243
2026-02-28 12:03:50.943 AM,2.50003331
2026-02-28 12:03:57.976 AM,2.5000331
2026-02-28 12:04:04.998 AM,2.50003265
2026-02-28 12:04:12.017 AM,2.50003353
2026-02-28 12:04:19.014 AM,2.50003333
2026-02-28 12:04:26.019 AM,2.50003375
2026-02-28 12:04:33.034 AM,2.5000336
2026-02-28 12:04:40.055 AM,2.50003365
2026-02-28 12:04:47.078 AM,2.5000336
2026-02-28 12:04:54.093 AM,2.50003324
2026-02-28 12:05:01.111 AM,2.50003324
2026-02-28 12:05:08.121 AM,2.50003268
2026-02-28 12:05:15.138 AM,2.50003258
2026-02-28 12:05:22.142 AM,2.50003284
2026-02-28 12:05:29.157 AM,2.50003269
2026-02-28 12:05:36.176 AM,2.50003295
2026-02-28 12:05:43.185 AM,2.50003305
2026-02-28 12:05:50.207 AM,2.50003328
2026-02-28 12:05:57.236 AM,2.50003297
2026-02-28 12:06:04.262 AM,2.50003274
2026-02-28 12:06:11.278 AM,2.50003369
2026-02-28 12:06:18.296 AM,2.50003355
2026-02-28 12:06:25.322 AM,2.50003341
2026-02-28 12:06:32.320 AM,2.50003329
2026-02-28 12:06:39.339 AM,2.50003328
2026-02-28 12:06:46.359 AM,2.50003373
2026-02-28 12:06:53.373 AM,2.50003358
2026-02-28 12:07:00.391 AM,2.50003341
2026-02-28 12:07:07.398 AM,2.50003338
2026-02-28 12:07:14.419 AM,2.50003353
2026-02-28 12:07:21.438 AM,2.5000336
2026-02-28 12:07:28.451 AM,2.5000335
2026-02-28 12:07:35.456 AM,2.50003373
2026-02-28 12:07:42.467 AM,2.50003375
2026-02-28 12:07:49.477 AM,2.50003333
2026-02-28 12:07:56.487 AM,2.50003333
2026-02-28 12:08:03.486 AM,2.50003374
2026-02-28 12:08:10.505 AM,2.50003353
2026-02-28 12:08:17.518 AM,2.50003355
2026-02-28 12:08:24.539 AM,2.5000336
2026-02-28 12:08:31.551 AM,2.50003369
2026-02-28 12:08:38.554 AM,2.50003374
2026-02-28 12:08:45.565 AM,2.50003341
2026-02-28 12:08:52.570 AM,2.50003385
2026-02-28 12:08:59.591 AM,2.50003375
2026-02-28 12:09:06.608 AM,2.50003389
2026-02-28 12:09:13.630 AM,2.50003405
2026-02-28 12:09:20.644 AM,2.50003384
2026-02-28 12:09:27.667 AM,2.50003378
2026-02-28 12:09:34.677 AM,2.50003358
2026-02-28 12:09:41.675 AM,2.5000336
2026-02-28 12:09:48.695 AM,2.50003388
2026-02-28 12:09:55.694 AM,2.50003379
2026-02-28 12:10:02.719 AM,2.50003392
2026-02-28 12:10:09.717 AM,2.50003405
2026-02-28 12:10:16.736 AM,2.50003402
2026-02-28 12:10:23.754 AM,2.50003374
2026-02-28 12:10:30.783 AM,2.50003386
2026-02-28 12:10:37.813 AM,2.50003394
2026-02-28 12:10:44.819 AM,2.50003392
2026-02-28 12:10:51.847 AM,2.50003407
2026-02-28 12:10:58.873 AM,2.50003401
2026-02-28 12:11:05.894 AM,2.50003388
2026-02-28 12:11:12.919 AM,2.50003379
2026-02-28 12:11:19.931 AM,2.50003382
2026-02-28 12:11:26.946 AM,2.50003412
2026-02-28 12:11:33.973 AM,2.50003403
2026-02-28 12:11:40.971 AM,2.50003453
2026-02-28 12:11:47.992 AM,2.50003438
2026-02-28 12:11:55.008 AM,2.50003443
2026-02-28 12:12:02.030 AM,2.50003443
2026-02-28 12:12:09.056 AM,2.50003426
2026-02-28 12:12:16.084 AM,2.50003399
2026-02-28 12:12:23.101 AM,2.50003415
2026-02-28 12:12:30.126 AM,2.50003425
2026-02-28 12:12:37.138 AM,2.50003358
2026-02-28 12:12:44.155 AM,2.50003365
2026-02-28 12:12:51.179 AM,2.5000336
2026-02-28 12:12:58.184 AM,2.50003369
2026-02-28 12:13:05.201 AM,2.50003348
2026-02-28 12:13:12.233 AM,2.50003286
2026-02-28 12:13:19.262 AM,2.50003294
2026-02-28 12:13:26.279 AM,2.50003224
2026-02-28 12:13:33.300 AM,2.5000326
2026-02-28 12:13:40.306 AM,2.50003268
2026-02-28 12:13:47.325 AM,2.50003179
2026-02-28 12:13:54.336 AM,2.50003108
2026-02-28 12:14:01.337 AM,2.50003109
2026-02-28 12:14:08.356 AM,2.50003063
2026-02-28 12:14:15.391 AM,2.50003177
2026-02-28 12:14:22.414 AM,2.50003241
2026-02-28 12:14:29.427 AM,2.50003406
2026-02-28 12:14:36.441 AM,2.50003404
2026-02-28 12:14:43.469 AM,2.50003373
2026-02-28 12:14:50.493 AM,2.50003355
2026-02-28 12:14:57.513 AM,2.50003273
2026-02-28 12:15:04.518 AM,2.50003283
2026-02-28 12:15:11.548 AM,2.500033
2026-02-28 12:15:18.565 AM,2.50003365
2026-02-28 12:15:25.563 AM,2.50003335
2026-02-28 12:15:32.576 AM,2.50003358
2026-02-28 12:15:39.604 AM,2.50003379
2026-02-28 12:15:46.611 AM,2.50003377
2026-02-28 12:15:53.631 AM,2.50003348
2026-02-28 12:16:00.661 AM,2.50003391
2026-02-28 12:16:07.674 AM,2.50003372
2026-02-28 12:16:14.692 AM,2.50003375
2026-02-28 12:16:21.695 AM,2.50003374
2026-02-28 12:16:28.721 AM,2.50003384
2026-02-28 12:16:35.744 AM,2.5000342
2026-02-28 12:16:42.767 AM,2.50003405
2026-02-28 12:16:49.772 AM,2.50003382
2026-02-28 12:16:56.802 AM,2.5000336
2026-02-28 12:17:03.834 AM,2.50003415
2026-02-28 12:17:10.844 AM,2.5000341
2026-02-28 12:17:17.859 AM,2.50003403
2026-02-28 12:17:24.894 AM,2.50003428
2026-02-28 12:17:31.922 AM,2.50003387
2026-02-28 12:17:38.931 AM,2.50003409
2026-02-28 12:17:45.949 AM,2.50003388
2026-02-28 12:17:52.957 AM,2.50003323
2026-02-28 12:17:59.968 AM,2.50003369
2026-02-28 12:18:06.994 AM,2.50003369
2026-02-28 12:18:13.992 AM,2.50003363
2026-02-28 12:18:20.995 AM,2.5000336
2026-02-28 12:18:28.011 AM,2.50003345
2026-02-28 12:18:35.032 AM,2.50003355
2026-02-28 12:18:42.036 AM,2.50003365
2026-02-28 12:18:49.065 AM,2.5000338
2026-02-28 12:18:56.075 AM,2.50003365
2026-02-28 12:19:03.102 AM,2.50003392
2026-02-28 12:19:10.126 AM,2.50003365
2026-02-28 12:19:17.158 AM,2.5000336
2026-02-28 12:19:24.180 AM,2.50003379
2026-02-28 12:19:31.209 AM,2.50003363
2026-02-28 12:19:38.238 AM,2.5000335
2026-02-28 12:19:45.267 AM,2.5000333
2026-02-28 12:19:52.296 AM,2.50003379
2026-02-28 12:19:59.321 AM,2.50003369
2026-02-28 12:20:06.350 AM,2.50003379
2026-02-28 12:20:13.371 AM,2.50003383
2026-02-28 12:20:20.391 AM,2.50003377
2026-02-28 12:20:27.429 AM,2.50003341
2026-02-28 12:20:34.440 AM,2.5000336
2026-02-28 12:20:41.449 AM,2.50003353
2026-02-28 12:20:48.478 AM,2.50003348
2026-02-28 12:20:55.496 AM,2.50003383
2026-02-28 12:21:02.509 AM,2.50003369
2026-02-28 12:21:09.534 AM,2.50003389
2026-02-28 12:21:16.542 AM,2.50003369
2026-02-28 12:21:23.561 AM,2.50003369
2026-02-28 12:21:30.572 AM,2.50003355
2026-02-28 12:21:37.599 AM,2.5000335
2026-02-28 12:21:44.631 AM,2.5000341
2026-02-28 12:21:51.651 AM,2.50003409
2026-02-28 12:21:58.670 AM,2.50003406
2026-02-28 12:22:05.684 AM,2.50003401
2026-02-28 12:22:12.698 AM,2.50003393
2026-02-28 12:22:19.716 AM,2.5000341
2026-02-28 12:22:26.747 AM,2.50003368
2026-02-28 12:22:33.759 AM,2.50003383
2026-02-28 12:22:40.781 AM,2.50003429
2026-02-28 12:22:47.807 AM,2.50003393
2026-02-28 12:22:54.814 AM,2.50003363
2026-02-28 12:23:01.827 AM,2.5000342
2026-02-28 12:23:08.837 AM,2.50003401
2026-02-28 12:23:15.853 AM,2.50003433
2026-02-28 12:23:22.875 AM,2.50003416
2026-02-28 12:23:29.892 AM,2.50003426
2026-02-28 12:23:36.913 AM,2.50003413
2026-02-28 12:23:43.912 AM,2.50003387
2026-02-28 12:23:50.935 AM,2.5000339
2026-02-28 12:23:57.957 AM,2.50003363
2026-02-28 12:24:04.979 AM,2.50003379
2026-02-28 12:24:11.980 AM,2.50003355
2026-02-28 12:24:19.005 AM,2.50003353
2026-02-28 12:24:26.034 AM,2.50003355
2026-02-28 12:24:33.051 AM,2.50003345
2026-02-28 12:24:40.086 AM,2.50003326
2026-02-28 12:24:47.090 AM,2.50003363
2026-02-28 12:24:54.119 AM,2.50003365
2026-02-28 12:25:01.148 AM,2.50003391
2026-02-28 12:25:08.173 AM,2.50003396
2026-02-28 12:25:15.194 AM,2.50003395
2026-02-28 12:25:22.207 AM,2.50003406
2026-02-28 12:25:29.227 AM,2.50003407
2026-02-28 12:25:36.247 AM,2.50003407
2026-02-28 12:25:43.280 AM,2.50003369
2026-02-28 12:25:50.283 AM,2.50003398
2026-02-28 12:25:57.309 AM,2.50003379
2026-02-28 12:26:04.331 AM,2.50003363
2026-02-28 12:26:11.353 AM,2.50003374
2026-02-28 12:26:18.370 AM,2.50003392
2026-02-28 12:26:25.385 AM,2.5000338
2026-02-28 12:26:32.406 AM,2.50003355
2026-02-28 12:26:39.428 AM,2.50003365
2026-02-28 12:26:46.437 AM,2.50003365
2026-02-28 12:26:53.443 AM,2.5000335
2026-02-28 12:27:00.447 AM,2.50003343
2026-02-28 12:27:07.466 AM,2.50003378
2026-02-28 12:27:14.493 AM,2.50003343
2026-02-28 12:27:21.514 AM,2.5000336
2026-02-28 12:27:28.546 AM,2.5000335
2026-02-28 12:27:35.568 AM,2.50003331
2026-02-28 12:27:42.582 AM,2.5000333
2026-02-28 12:27:49.583 AM,2.50003363
2026-02-28 12:27:56.608 AM,2.50003393
2026-02-28 12:28:03.614 AM,2.50003415
2026-02-28 12:28:10.645 AM,2.50003425
2026-02-28 12:28:17.653 AM,2.50003403
2026-02-28 12:28:24.662 AM,2.50003415
2026-02-28 12:28:31.671 AM,2.50003416
2026-02-28 12:28:38.696 AM,2.50003429
2026-02-28 12:28:45.707 AM,2.50003421
2026-02-28 12:28:52.733 AM,2.5000343
2026-02-28 12:28:59.766 AM,2.50003428
2026-02-28 12:29:06.791 AM,2.50003405
2026-02-28 12:29:13.811 AM,2.50003407
2026-02-28 12:29:20.827 AM,2.50003393
2026-02-28 12:29:27.838 AM,2.50003395
2026-02-28 12:29:34.861 AM,2.50003397
2026-02-28 12:29:41.872 AM,2.50003412
2026-02-28 12:29:48.892 AM,2.50003431
2026-02-28 12:29:55.910 AM,2.50003458
2026-02-28 12:30:02.912 AM,2.50003424
2026-02-28 12:30:09.918 AM,2.50003404
2026-02-28 12:30:16.947 AM,2.50003348
2026-02-28 12:30:23.941 AM,2.50003315
2026-02-28 12:30:30.961 AM,2.50003293
2026-02-28 12:30:37.989 AM,2.50003308
2026-02-28 12:30:44.996 AM,2.50003379
2026-02-28 12:30:52.025 AM,2.5000338
2026-02-28 12:30:59.027 AM,2.50003363
2026-02-28 12:31:06.047 AM,2.50003343
2026-02-28 12:31:13.047 AM,2.50003326
2026-02-28 12:31:20.051 AM,2.50003343
2026-02-28 12:31:27.079 AM,2.50003365
2026-02-28 12:31:34.080 AM,2.5000332
2026-02-28 12:31:41.092 AM,2.50003343
2026-02-28 12:31:48.116 AM,2.50003338
2026-02-28 12:31:55.136 AM,2.50003321
2026-02-28 12:32:02.160 AM,2.50003315
2026-02-28 12:32:09.167 AM,2.50003288
2026-02-28 12:32:16.180 AM,2.5000332
2026-02-28 12:32:23.207 AM,2.50003316
2026-02-28 12:32:30.230 AM,2.50003302
2026-02-28 12:32:37.230 AM,2.50003297
2026-02-28 12:32:44.262 AM,2.500033
2026-02-28 12:32:51.278 AM,2.50003315
2026-02-28 12:32:58.298 AM,2.50003248
2026-02-28 12:33:05.333 AM,2.50003282
2026-02-28 12:33:12.350 AM,2.50003298
2026-02-28 12:33:19.373 AM,2.50003328
2026-02-28 12:33:26.382 AM,2.50003302
2026-02-28 12:33:33.392 AM,2.5000331
2026-02-28 12:33:40.407 AM,2.5000333
2026-02-28 12:33:47.414 AM,2.5000331
2026-02-28 12:33:54.437 AM,2.50003315
2026-02-28 12:34:01.445 AM,2.50003306
2026-02-28 12:34:08.459 AM,2.50003279
2026-02-28 12:34:15.478 AM,2.50003255
2026-02-28 12:34:22.504 AM,2.50003278
2026-02-28 12:34:29.526 AM,2.50003265
2026-02-28 12:34:36.545 AM,2.50003284
2026-02-28 12:34:43.584 AM,2.50003269
2026-02-28 12:34:50.593 AM,2.50003263
2026-02-28 12:34:57.610 AM,2.50003263
2026-02-28 12:35:04.636 AM,2.50003245
2026-02-28 12:35:11.661 AM,2.50003263
2026-02-28 12:35:18.669 AM,2.50003275
2026-02-28 12:35:25.664 AM,2.5000325
2026-02-28 12:35:32.682 AM,2.50003241
2026-02-28 12:35:39.701 AM,2.50003248
2026-02-28 12:35:46.720 AM,2.50003255
2026-02-28 12:35:53.723 AM,2.50003255
2026-02-28 12:36:00.732 AM,2.50003243
2026-02-28 12:36:07.758 AM,2.50003274
2026-02-28 12:36:14.759 AM,2.50003265
2026-02-28 12:36:21.758 AM,2.50003258
2026-02-28 12:36:28.773 AM,2.50003265
2026-02-28 12:36:35.791 AM,2.50003258
2026-02-28 12:36:42.820 AM,2.5000325
2026-02-28 12:36:49.849 AM,2.50003255
2026-02-28 12:36:56.867 AM,2.50003245
2026-02-28 12:37:03.882 AM,2.5000325
2026-02-28 12:37:10.908 AM,2.50003279
2026-02-28 12:37:17.918 AM,2.50003278
2026-02-28 12:37:24.945 AM,2.50003265
2026-02-28 12:37:31.967 AM,2.50003248
2026-02-28 12:37:38.986 AM,2.50003233
2026-02-28 12:37:46.009 AM,2.50003274
2026-02-28 12:37:53.021 AM,2.50003269
2026-02-28 12:38:00.049 AM,2.50003258
2026-02-28 12:38:07.074 AM,2.50003278
2026-02-28 12:38:14.097 AM,2.50003243
2026-02-28 12:38:21.112 AM,2.50003245
2026-02-28 12:38:28.114 AM,2.50003225
2026-02-28 12:38:35.139 AM,2.50003231
2026-02-28 12:38:42.153 AM,2.50003288
2026-02-28 12:38:49.172 AM,2.50003243
2026-02-28 12:38:56.197 AM,2.50003241
2026-02-28 12:39:03.213 AM,2.50003235
2026-02-28 12:39:10.237 AM,2.5000323
2026-02-28 12:39:17.252 AM,2.5000323
2026-02-28 12:39:24.274 AM,2.50003213
2026-02-28 12:39:31.297 AM,2.50003255
2026-02-28 12:39:38.304 AM,2.50003248
2026-02-28 12:39:45.334 AM,2.50003235
2026-02-28 12:39:52.361 AM,2.50003233
2026-02-28 12:39:59.387 AM,2.50003238
2026-02-28 12:40:06.411 AM,2.50003241
2026-02-28 12:40:13.423 AM,2.5000326
2026-02-28 12:40:20.446 AM,2.50003248
2026-02-28 12:40:27.462 AM,2.50003235
2026-02-28 12:40:34.463 AM,2.5000323
2026-02-28 12:40:41.486 AM,2.50003253
2026-02-28 12:40:48.502 AM,2.50003224
2026-02-28 12:40:55.539 AM,2.50003255
2026-02-28 12:41:02.544 AM,2.50003241
2026-02-28 12:41:09.564 AM,2.50003248
2026-02-28 12:41:16.595 AM,2.50003253
2026-02-28 12:41:23.620 AM,2.5000325
2026-02-28 12:41:30.633 AM,2.50003231
2026-02-28 12:41:37.648 AM,2.50003233
2026-02-28 12:41:44.677 AM,2.50003243
2026-02-28 12:41:51.707 AM,2.5000321
2026-02-28 12:41:58.719 AM,2.5000321
2026-02-28 12:42:05.751 AM,2.50003215
2026-02-28 12:42:12.751 AM,2.50003206
2026-02-28 12:42:19.768 AM,2.50003218
2026-02-28 12:42:26.779 AM,2.50003229
2026-02-28 12:42:33.792 AM,2.50003229
2026-02-28 12:42:40.808 AM,2.50003219
2026-02-28 12:42:47.809 AM,2.50003184
2026-02-28 12:42:54.836 AM,2.50003192
2026-02-28 12:43:01.862 AM,2.5000317
2026-02-28 12:43:08.880 AM,2.5000322
2026-02-28 12:43:15.907 AM,2.50003172
2026-02-28 12:43:22.937 AM,2.50003213
2026-02-28 12:43:29.950 AM,2.50003189
2026-02-28 12:43:36.967 AM,2.50003219
2026-02-28 12:43:43.969 AM,2.50003201
2026-02-28 12:43:50.987 AM,2.50003196
2026-02-28 12:43:58.011 AM,2.50003233
2026-02-28 12:44:05.039 AM,2.50003221
2026-02-28 12:44:12.062 AM,2.50003248
2026-02-28 12:44:19.066 AM,2.50003215
2026-02-28 12:44:26.069 AM,2.50003173
2026-02-28 12:44:33.096 AM,2.50003174
2026-02-28 12:44:40.120 AM,2.50003174
2026-02-28 12:44:47.135 AM,2.50003158
2026-02-28 12:44:54.146 AM,2.50003143
2026-02-28 12:45:01.164 AM,2.50003168
2026-02-28 12:45:08.171 AM,2.50003138
2026-02-28 12:45:15.174 AM,2.50003133
2026-02-28 12:45:22.202 AM,2.50003158
2026-02-28 12:45:29.220 AM,2.50003186
2026-02-28 12:45:36.236 AM,2.50003179
2026-02-28 12:45:43.262 AM,2.5000316
2026-02-28 12:45:50.267 AM,2.50003155
2026-02-28 12:45:57.272 AM,2.50003141
2026-02-28 12:46:04.300 AM,2.50003141
2026-02-28 12:46:11.321 AM,2.50003163
2026-02-28 12:46:18.340 AM,2.50003148
2026-02-28 12:46:25.345 AM,2.50003143
2026-02-28 12:46:32.360 AM,2.50003129
2026-02-28 12:46:39.383 AM,2.50003128
2026-02-28 12:46:46.398 AM,2.50003143
2026-02-28 12:46:53.419 AM,2.50003096
2026-02-28 12:47:00.447 AM,2.50003133
2026-02-28 12:47:07.450 AM,2.50003105
2026-02-28 12:47:14.465 AM,2.50003145
2026-02-28 12:47:21.481 AM,2.50003118
2026-02-28 12:47:28.504 AM,2.50003116
2026-02-28 12:47:35.523 AM,2.50003133
2026-02-28 12:47:42.548 AM,2.5000316
2026-02-28 12:47:49.575 AM,2.5000315
2026-02-28 12:47:56.591 AM,2.50003125
2026-02-28 12:48:03.614 AM,2.50003165
2026-02-28 12:48:10.633 AM,2.5000311
2026-02-28 12:48:17.658 AM,2.50003133
2026-02-28 12:48:24.682 AM,2.50003121
2026-02-28 12:48:31.695 AM,2.50003115
2026-02-28 12:48:38.702 AM,2.50003125
2026-02-28 12:48:45.712 AM,2.50003155
2026-02-28 12:48:52.713 AM,2.50003129
2026-02-28 12:48:59.745 AM,2.50003141
2026-02-28 12:49:06.750 AM,2.5000313
2026-02-28 12:49:13.776 AM,2.5000316
2026-02-28 12:49:20.803 AM,2.50003165
2026-02-28 12:49:27.817 AM,2.5000317
2026-02-28 12:49:34.828 AM,2.5000315
2026-02-28 12:49:41.847 AM,2.50003148
2026-02-28 12:49:48.873 AM,2.50003148
2026-02-28 12:49:55.900 AM,2.50003165
2026-02-28 12:50:02.900 AM,2.5000316
2026-02-28 12:50:09.921 AM,2.50003131
2026-02-28 12:50:16.951 AM,2.5000311
2026-02-28 12:50:23.960 AM,2.50003138
2026-02-28 12:50:30.972 AM,2.50003101
2026-02-28 12:50:37.987 AM,2.50003083
2026-02-28 12:50:45.014 AM,2.50003102
2026-02-28 12:50:52.034 AM,2.50003126
2026-02-28 12:50:59.036 AM,2.50003141
2026-02-28 12:51:06.042 AM,2.5000313
2026-02-28 12:51:13.075 AM,2.500031
2026-02-28 12:51:20.094 AM,2.50003103
2026-02-28 12:51:27.120 AM,2.50003082
2026-02-28 12:51:34.147 AM,2.50003087
2026-02-28 12:51:41.163 AM,2.50003073
2026-02-28 12:51:48.185 AM,2.50003079
2026-02-28 12:51:55.202 AM,2.50003043
2026-02-28 12:52:02.216 AM,2.50003033
2026-02-28 12:52:09.256 AM,2.50003068
2026-02-28 12:52:16.273 AM,2.50003075
2026-02-28 12:52:23.299 AM,2.50003103
2026-02-28 12:52:30.326 AM,2.50003033
2026-02-28 12:52:37.326 AM,2.50003113
2026-02-28 12:52:44.341 AM,2.50003128
2026-02-28 12:52:51.366 AM,2.5000316
2026-02-28 12:52:58.383 AM,2.5000316
2026-02-28 12:53:05.400 AM,2.50003196
2026-02-28 12:53:12.413 AM,2.50003215
2026-02-28 12:53:19.429 AM,2.50003188
2026-02-28 12:53:26.459 AM,2.50003191
2026-02-28 12:53:33.483 AM,2.50003184
2026-02-28 12:53:40.498 AM,2.50003203
2026-02-28 12:53:47.521 AM,2.50003194
2026-02-28 12:53:54.533 AM,2.50003203
2026-02-28 12:54:01.552 AM,2.50003207
2026-02-28 12:54:08.551 AM,2.50003202
2026-02-28 12:54:15.580 AM,2.50003192
2026-02-28 12:54:22.577 AM,2.50003223
2026-02-28 12:54:29.591 AM,2.50003238
2026-02-28 12:54:36.608 AM,2.50003182
2026-02-28 12:54:43.631 AM,2.50003174
2026-02-28 12:54:50.657 AM,2.5000318
2026-02-28 12:54:57.680 AM,2.5000323
2026-02-28 12:55:04.690 AM,2.50003203
2026-02-28 12:55:11.708 AM,2.50003169
2026-02-28 12:55:18.712 AM,2.5000318
2026-02-28 12:55:25.712 AM,2.50003193
2026-02-28 12:55:32.730 AM,2.5000318
2026-02-28 12:55:39.740 AM,2.50003165
2026-02-28 12:55:46.764 AM,2.50003143
2026-02-28 12:55:53.768 AM,2.50003163
2026-02-28 12:56:00.798 AM,2.50003145
2026-02-28 12:56:07.794 AM,2.50003141
2026-02-28 12:56:14.812 AM,2.50003119
2026-02-28 12:56:21.838 AM,2.50003113
2026-02-28 12:56:28.840 AM,2.5000315
2026-02-28 12:56:35.863 AM,2.50003143
2026-02-28 12:56:42.891 AM,2.50003143
2026-02-28 12:56:49.891 AM,2.50003135
2026-02-28 12:56:56.905 AM,2.50003153
2026-02-28 12:57:03.917 AM,2.50003172
2026-02-28 12:57:10.942 AM,2.50003148
2026-02-28 12:57:17.969 AM,2.5000313
2026-02-28 12:57:25.000 AM,2.50003119
2026-02-28 12:57:32.025 AM,2.5000313
2026-02-28 12:57:39.043 AM,2.5000315
2026-02-28 12:57:46.045 AM,2.50003178
2026-02-28 12:57:53.058 AM,2.50003194
2026-02-28 12:58:00.068 AM,2.50003195
2026-02-28 12:58:07.092 AM,2.50003191
2026-02-28 12:58:14.115 AM,2.50003198
2026-02-28 12:58:21.147 AM,2.50003208
2026-02-28 12:58:28.164 AM,2.50003202
2026-02-28 12:58:35.191 AM,2.50003215
2026-02-28 12:58:42.221 AM,2.50003205
2026-02-28 12:58:49.252 AM,2.500032
2026-02-28 12:58:56.278 AM,2.50003214
2026-02-28 12:59:03.280 AM,2.50003214
2026-02-28 12:59:10.295 AM,2.5000321
2026-02-28 12:59:17.313 AM,2.5000322
2026-02-28 12:59:24.334 AM,2.5000321
2026-02-28 12:59:31.352 AM,2.50003203
2026-02-28 12:59:38.368 AM,2.50003216
2026-02-28 12:59:45.383 AM,2.50003207
2026-02-28 12:59:52.406 AM,2.500032
2026-02-28 12:59:59.412 AM,2.50003195
2026-02-28 1:00:06.438 AM,2.50003168
2026-02-28 1:00:13.445 AM,2.50003155
2026-02-28 1:00:20.451 AM,2.5000316
2026-02-28 1:00:27.463 AM,2.5000319
2026-02-28 1:00:34.466 AM,2.50003202
2026-02-28 1:00:41.493 AM,2.50003202
2026-02-28 1:00:48.522 AM,2.50003205
2026-02-28 1:00:55.549 AM,2.50003214
2026-02-28 1:01:02.609 AM,2.50003193
2026-02-28 1:01:09.656 AM,2.50003193
2026-02-28 1:01:16.726 AM,2.50003195
2026-02-28 1:01:23.743 AM,2.50003221
2026-02-28 1:01:30.762 AM,2.50003219
2026-02-28 1:01:37.770 AM,2.50003183
2026-02-28 1:01:44.792 AM,2.50003165
2026-02-28 1:01:51.798 AM,2.50003184
2026-02-28 1:01:58.817 AM,2.50003207
2026-02-28 1:02:05.823 AM,2.50003172
2026-02-28 1:02:12.850 AM,2.50003188
2026-02-28 1:02:19.857 AM,2.50003182
2026-02-28 1:02:26.858 AM,2.50003172
2026-02-28 1:02:33.874 AM,2.50003183
2026-02-28 1:02:40.876 AM,2.50003155
2026-02-28 1:02:47.899 AM,2.50003155
2026-02-28 1:02:54.918 AM,2.50003158
2026-02-28 1:03:01.925 AM,2.50003109
2026-02-28 1:03:08.959 AM,2.50003115
2026-02-28 1:03:15.973 AM,2.50003099
2026-02-28 1:03:22.982 AM,2.50003103
2026-02-28 1:03:29.989 AM,2.5000311
2026-02-28 1:03:37.020 AM,2.50003133
2026-02-28 1:03:44.049 AM,2.5000312
2026-02-28 1:03:51.062 AM,2.50003085
2026-02-28 1:03:58.060 AM,2.50003118
2026-02-28 1:04:05.085 AM,2.50003116
2026-02-28 1:04:12.096 AM,2.50003119
2026-02-28 1:04:19.095 AM,2.50003123
2026-02-28 1:04:26.110 AM,2.50003075
2026-02-28 1:04:33.115 AM,2.50003091
2026-02-28 1:04:40.154 AM,2.50003169
2026-02-28 1:04:47.174 AM,2.50003212
2026-02-28 1:04:54.195 AM,2.50003195
2026-02-28 1:05:01.219 AM,2.50003188
2026-02-28 1:05:08.227 AM,2.50003238
2026-02-28 1:05:15.253 AM,2.50003226
2026-02-28 1:05:22.284 AM,2.5000321
2026-02-28 1:05:29.299 AM,2.50003216
2026-02-28 1:05:36.298 AM,2.50003207
2026-02-28 1:05:43.327 AM,2.50003209
2026-02-28 1:05:50.341 AM,2.50003223
2026-02-28 1:05:57.352 AM,2.50003202
2026-02-28 1:06:04.382 AM,2.50003225
2026-02-28 1:06:11.406 AM,2.50003243
2026-02-28 1:06:18.427 AM,2.50003233
2026-02-28 1:06:25.460 AM,2.50003165
2026-02-28 1:06:32.466 AM,2.50003125
2026-02-28 1:06:39.464 AM,2.50003138
2026-02-28 1:06:46.493 AM,2.50003126
2026-02-28 1:06:53.491 AM,2.50003123
2026-02-28 1:07:00.521 AM,2.50003126
2026-02-28 1:07:07.577 AM,2.50003131
2026-02-28 1:07:14.602 AM,2.5000315
2026-02-28 1:07:21.628 AM,2.50003155
2026-02-28 1:07:28.645 AM,2.50003138
2026-02-28 1:07:35.651 AM,2.50003138
2026-02-28 1:07:42.648 AM,2.50003143
2026-02-28 1:07:49.664 AM,2.50003163
2026-02-28 1:07:56.674 AM,2.50003188
2026-02-28 1:08:03.707 AM,2.5000319
2026-02-28 1:08:10.729 AM,2.5000317
2026-02-28 1:08:17.756 AM,2.50003185
2026-02-28 1:08:24.781 AM,2.50003183
2026-02-28 1:08:31.845 AM,2.50003179
2026-02-28 1:08:38.855 AM,2.50003199
2026-02-28 1:08:45.857 AM,2.50003212
2026-02-28 1:08:52.879 AM,2.50003195
2026-02-28 1:08:59.902 AM,2.50003216
2026-02-28 1:09:06.916 AM,2.50003207
2026-02-28 1:09:13.927 AM,2.50003207
2026-02-28 1:09:20.929 AM,2.50003174
2026-02-28 1:09:27.939 AM,2.50003189
2026-02-28 1:09:34.963 AM,2.50003208
2026-02-28 1:09:42.005 AM,2.50003169
2026-02-28 1:09:49.021 AM,2.50003188
2026-02-28 1:09:56.029 AM,2.50003184
2026-02-28 1:10:03.053 AM,2.50003179
2026-02-28 1:10:10.067 AM,2.50003182
2026-02-28 1:10:17.082 AM,2.5000319
2026-02-28 1:10:24.091 AM,2.50003204
2026-02-28 1:10:31.111 AM,2.50003174
2026-02-28 1:10:38.133 AM,2.50003165
2026-02-28 1:10:45.149 AM,2.50003187
2026-02-28 1:10:52.168 AM,2.5000319
2026-02-28 1:10:59.184 AM,2.50003182
2026-02-28 1:11:06.205 AM,2.50003186
2026-02-28 1:11:13.239 AM,2.5000319
2026-02-28 1:11:20.257 AM,2.50003163
