Timestamp,Raw Data
2026-02-21 11:34:54.203,+02.519149
2026-02-21 11:34:55.002,+02.519152
2026-02-21 11:34:55.802,+02.519152
2026-02-21 11:34:56.601,+02.519152
2026-02-21 11:34:57.400,+02.519158
2026-02-21 11:34:58.200,+02.519158
2026-02-21 11:34:59.000,+02.519158
2026-02-21 11:34:59.799,+02.519152
2026-02-21 11:35:00.599,+02.519149
2026-02-21 11:35:01.398,+02.519149
2026-02-21 11:35:02.197,+02.519152
2026-02-21 11:35:02.997,+02.519155
2026-02-21 11:35:03.797,+02.519155
2026-02-21 11:35:04.596,+02.519155
2026-02-21 11:35:05.395,+02.519149
2026-02-21 11:35:06.195,+02.519155
2026-02-21 11:35:06.995,+02.519155
2026-02-21 11:35:07.794,+02.519155
2026-02-21 11:35:08.594,+02.519152
2026-02-21 11:35:09.404,+02.519155
2026-02-21 11:35:10.203,+02.519158
2026-02-21 11:35:11.002,+02.519155
2026-02-21 11:35:11.802,+02.519158
2026-02-21 11:35:12.601,+02.519158
2026-02-21 11:35:13.401,+02.519155
2026-02-21 11:35:14.200,+02.519155
2026-02-21 11:35:15.000,+02.519161
2026-02-21 11:35:15.799,+02.519155
2026-02-21 11:35:16.599,+02.519161
2026-02-21 11:35:17.398,+02.519158
2026-02-21 11:35:18.198,+02.519158
2026-02-21 11:35:18.997,+02.519158
2026-02-21 11:35:19.797,+02.519161
2026-02-21 11:35:20.596,+02.519161
2026-02-21 11:35:21.396,+02.519155
2026-02-21 11:35:22.195,+02.519161
2026-02-21 11:35:22.995,+02.519155
2026-02-21 11:35:23.794,+02.519161
2026-02-21 11:35:24.594,+02.519161
2026-02-21 11:35:25.393,+02.519158
2026-02-21 11:35:26.203,+02.519155
2026-02-21 11:35:27.003,+02.519161
2026-02-21 11:35:27.802,+02.519152
2026-02-21 11:35:28.601,+02.519158
2026-02-21 11:35:29.401,+02.519158
2026-02-21 11:35:30.201,+02.519155
2026-02-21 11:35:30.999,+02.519155
2026-02-21 11:35:31.799,+02.519158
2026-02-21 11:35:32.599,+02.519158
2026-02-21 11:35:33.399,+02.519155
2026-02-21 11:35:34.198,+02.519149
2026-02-21 11:35:34.998,+02.519164
2026-02-21 11:35:35.797,+02.519161
2026-02-21 11:35:36.596,+02.519155
2026-02-21 11:35:37.396,+02.519155
2026-02-21 11:35:38.196,+02.519164
2026-02-21 11:35:38.995,+02.519164
2026-02-21 11:35:39.794,+02.519155
2026-02-21 11:35:40.594,+02.519158
2026-02-21 11:35:41.393,+02.519155
2026-02-21 11:35:42.193,+02.519158
2026-02-21 11:35:42.991,+02.519158
2026-02-21 11:35:43.802,+02.519158
2026-02-21 11:35:44.601,+02.519161
2026-02-21 11:35:45.401,+02.519152
2026-02-21 11:35:46.200,+02.519161
2026-02-21 11:35:47.000,+02.519152
2026-02-21 11:35:47.799,+02.519161
2026-02-21 11:35:48.599,+02.519158
2026-02-21 11:35:49.398,+02.519155
2026-02-21 11:35:50.198,+02.519149
2026-02-21 11:35:50.997,+02.519158
2026-02-21 11:35:51.797,+02.519161
2026-02-21 11:35:52.597,+02.519158
2026-02-21 11:35:53.396,+02.519161
2026-02-21 11:35:54.195,+02.519158
2026-02-21 11:35:54.994,+02.519158
2026-02-21 11:35:55.794,+02.519158
2026-02-21 11:35:56.594,+02.519158
2026-02-21 11:35:57.393,+02.519155
2026-02-21 11:35:58.192,+02.519158
2026-02-21 11:35:58.992,+02.519152
2026-02-21 11:35:59.791,+02.519158
2026-02-21 11:36:00.601,+02.519155
2026-02-21 11:36:01.401,+02.519155
2026-02-21 11:36:02.201,+02.519152
2026-02-21 11:36:03.000,+02.519158
2026-02-21 11:36:03.799,+02.519149
2026-02-21 11:36:04.599,+02.519149
2026-02-21 11:36:05.398,+02.519167
2026-02-21 11:36:06.198,+02.519158
2026-02-21 11:36:06.997,+02.519155
2026-02-21 11:36:07.797,+02.519158
2026-02-21 11:36:08.596,+02.519161
2026-02-21 11:36:09.396,+02.519155
2026-02-21 11:36:10.195,+02.519164
2026-02-21 11:36:10.995,+02.519161
2026-02-21 11:36:11.794,+02.519155
2026-02-21 11:36:12.594,+02.519155
2026-02-21 11:36:13.393,+02.519158
2026-02-21 11:36:14.193,+02.519161
2026-02-21 11:36:14.992,+02.519158
2026-02-21 11:36:15.791,+02.519158
2026-02-21 11:36:16.591,+02.519164
2026-02-21 11:36:17.391,+02.519164
2026-02-21 11:36:18.200,+02.519158
2026-02-21 11:36:19.000,+02.519167
2026-02-21 11:36:19.799,+02.519167
2026-02-21 11:36:20.599,+02.519164
2026-02-21 11:36:21.398,+02.519164
2026-02-21 11:36:22.198,+02.519155
2026-02-21 11:36:22.997,+02.519164
2026-02-21 11:36:23.797,+02.519155
2026-02-21 11:36:24.596,+02.519158
2026-02-21 11:36:25.396,+02.519158
2026-02-21 11:36:26.195,+02.519158
2026-02-21 11:36:26.994,+02.519161
2026-02-21 11:36:27.794,+02.519161
2026-02-21 11:36:28.593,+02.519164
2026-02-21 11:36:29.393,+02.519161
2026-02-21 11:36:30.192,+02.519155
2026-02-21 11:36:30.992,+02.519161
2026-02-21 11:36:31.791,+02.519158
2026-02-21 11:36:32.591,+02.519155
2026-02-21 11:36:33.391,+02.519164
2026-02-21 11:36:34.190,+02.519158
2026-02-21 11:36:35.000,+02.519164
2026-02-21 11:36:35.799,+02.519155
2026-02-21 11:36:36.598,+02.519158
2026-02-21 11:36:37.399,+02.519155
2026-02-21 11:36:38.198,+02.519149
2026-02-21 11:36:38.997,+02.519152
2026-02-21 11:36:39.797,+02.519152
2026-02-21 11:36:40.596,+02.519155
2026-02-21 11:36:41.396,+02.519152
2026-02-21 11:36:42.195,+02.519149
2026-02-21 11:36:42.994,+02.519152
2026-02-21 11:36:43.794,+02.519158
2026-02-21 11:36:44.594,+02.519155
2026-02-21 11:36:45.393,+02.519152
2026-02-21 11:36:46.193,+02.519149
2026-02-21 11:36:46.992,+02.519152
2026-02-21 11:36:47.792,+02.519152
2026-02-21 11:36:48.591,+02.519152
2026-02-21 11:36:49.390,+02.519155
2026-02-21 11:36:50.190,+02.519152
2026-02-21 11:36:50.989,+02.519155
2026-02-21 11:36:51.789,+02.519164
2026-02-21 11:36:52.599,+02.519155
2026-02-21 11:36:53.398,+02.519161
2026-02-21 11:36:54.198,+02.519152
2026-02-21 11:36:54.998,+02.519158
2026-02-21 11:36:55.796,+02.519155
2026-02-21 11:36:56.597,+02.519146
2026-02-21 11:36:57.395,+02.519155
2026-02-21 11:36:58.196,+02.519155
2026-02-21 11:36:58.995,+02.519158
2026-02-21 11:36:59.795,+02.519164
2026-02-21 11:37:00.594,+02.519158
2026-02-21 11:37:01.393,+02.519155
2026-02-21 11:37:02.193,+02.519167
2026-02-21 11:37:02.992,+02.519164
2026-02-21 11:37:03.791,+02.519164
2026-02-21 11:37:04.592,+02.519167
2026-02-21 11:37:05.391,+02.519164
2026-02-21 11:37:06.190,+02.519161
2026-02-21 11:37:06.990,+02.519155
2026-02-21 11:37:07.789,+02.519161
2026-02-21 11:37:08.589,+02.519161
2026-02-21 11:37:09.399,+02.519158
2026-02-21 11:37:10.198,+02.519155
2026-02-21 11:37:10.998,+02.519155
2026-02-21 11:37:11.797,+02.519158
2026-02-21 11:37:12.596,+02.519158
2026-02-21 11:37:13.396,+02.519161
2026-02-21 11:37:14.195,+02.519164
2026-02-21 11:37:14.994,+02.519158
2026-02-21 11:37:15.794,+02.519161
2026-02-21 11:37:16.594,+02.519155
2026-02-21 11:37:17.393,+02.519155
2026-02-21 11:37:18.193,+02.519158
2026-02-21 11:37:18.992,+02.519155
2026-02-21 11:37:19.792,+02.519158
2026-02-21 11:37:20.591,+02.519158
2026-02-21 11:37:21.390,+02.519158
2026-02-21 11:37:22.191,+02.519158
2026-02-21 11:37:22.990,+02.519158
2026-02-21 11:37:23.789,+02.519158
2026-02-21 11:37:24.589,+02.519161
2026-02-21 11:37:25.388,+02.519158
2026-02-21 11:37:26.188,+02.519161
2026-02-21 11:37:26.997,+02.519161
2026-02-21 11:37:27.796,+02.519158
2026-02-21 11:37:28.596,+02.519152
2026-02-21 11:37:29.396,+02.519158
2026-02-21 11:37:30.195,+02.519158
2026-02-21 11:37:30.995,+02.519152
2026-02-21 11:37:31.794,+02.519152
2026-02-21 11:37:32.594,+02.519164
2026-02-21 11:37:33.393,+02.519155
2026-02-21 11:37:34.193,+02.519152
2026-02-21 11:37:34.992,+02.519158
2026-02-21 11:37:35.792,+02.519158
2026-02-21 11:37:36.591,+02.519152
2026-02-21 11:37:37.391,+02.519161
2026-02-21 11:37:38.190,+02.519155
2026-02-21 11:37:38.990,+02.519152
2026-02-21 11:37:39.789,+02.519158
2026-02-21 11:37:40.589,+02.519155
2026-02-21 11:37:41.387,+02.519158
2026-02-21 11:37:42.188,+02.519164
2026-02-21 11:37:42.987,+02.519167
2026-02-21 11:37:43.797,+02.519161
2026-02-21 11:37:44.596,+02.519161
2026-02-21 11:37:45.396,+02.519161
2026-02-21 11:37:46.196,+02.519158
2026-02-21 11:37:46.995,+02.519158
2026-02-21 11:37:47.794,+02.519155
2026-02-21 11:37:48.594,+02.519155
2026-02-21 11:37:49.393,+02.519158
2026-02-21 11:37:50.193,+02.519164
2026-02-21 11:37:50.993,+02.519161
2026-02-21 11:37:51.792,+02.519155
2026-02-21 11:37:52.591,+02.519161
2026-02-21 11:37:53.391,+02.519161
2026-02-21 11:37:54.191,+02.519161
2026-02-21 11:37:54.990,+02.519161
2026-02-21 11:37:55.789,+02.519155
2026-02-21 11:37:56.589,+02.519155
2026-02-21 11:37:57.388,+02.519161
2026-02-21 11:37:58.187,+02.519155
2026-02-21 11:37:58.988,+02.519164
2026-02-21 11:37:59.786,+02.519161
2026-02-21 11:38:00.597,+02.519164
2026-02-21 11:38:01.396,+02.519164
2026-02-21 11:38:02.196,+02.519164
2026-02-21 11:38:02.995,+02.519164
2026-02-21 11:38:03.794,+02.519164
2026-02-21 11:38:04.594,+02.519161
2026-02-21 11:38:05.393,+02.519158
2026-02-21 11:38:06.193,+02.519161
2026-02-21 11:38:06.992,+02.519164
2026-02-21 11:38:07.791,+02.519167
2026-02-21 11:38:08.591,+02.519167
2026-02-21 11:38:09.391,+02.519164
2026-02-21 11:38:10.190,+02.519161
2026-02-21 11:38:10.990,+02.519161
2026-02-21 11:38:11.789,+02.519164
2026-02-21 11:38:12.589,+02.519158
2026-02-21 11:38:13.388,+02.519158
2026-02-21 11:38:14.187,+02.519167
2026-02-21 11:38:14.987,+02.519164
2026-02-21 11:38:15.786,+02.519155
2026-02-21 11:38:16.586,+02.519158
2026-02-21 11:38:17.385,+02.519155
2026-02-21 11:38:18.196,+02.519161
2026-02-21 11:38:18.995,+02.519161
2026-02-21 11:38:19.794,+02.519161
2026-02-21 11:38:20.594,+02.519161
2026-02-21 11:38:21.394,+02.519158
2026-02-21 11:38:22.193,+02.519152
2026-02-21 11:38:22.992,+02.519164
2026-02-21 11:38:23.792,+02.519161
2026-02-21 11:38:24.590,+02.519152
2026-02-21 11:38:25.390,+02.519161
2026-02-21 11:38:26.190,+02.519161
2026-02-21 11:38:26.990,+02.519161
2026-02-21 11:38:27.789,+02.519155
2026-02-21 11:38:28.589,+02.519155
2026-02-21 11:38:29.388,+02.519158
2026-02-21 11:38:30.187,+02.519161
2026-02-21 11:38:30.987,+02.519164
2026-02-21 11:38:31.787,+02.519161
2026-02-21 11:38:32.586,+02.519152
2026-02-21 11:38:33.386,+02.519164
2026-02-21 11:38:34.185,+02.519167
2026-02-21 11:38:34.995,+02.519161
2026-02-21 11:38:35.794,+02.519164
2026-02-21 11:38:36.594,+02.519158
2026-02-21 11:38:37.393,+02.519164
2026-02-21 11:38:38.193,+02.519161
2026-02-21 11:38:38.992,+02.519167
2026-02-21 11:38:39.792,+02.519158
2026-02-21 11:38:40.591,+02.519164
2026-02-21 11:38:41.390,+02.519164
2026-02-21 11:38:42.189,+02.519164
2026-02-21 11:38:42.990,+02.519164
2026-02-21 11:38:43.789,+02.519161
2026-02-21 11:38:44.589,+02.519158
2026-02-21 11:38:45.388,+02.519164
2026-02-21 11:38:46.188,+02.519164
2026-02-21 11:38:46.987,+02.519164
2026-02-21 11:38:47.787,+02.519164
2026-02-21 11:38:48.586,+02.519158
2026-02-21 11:38:49.386,+02.519161
2026-02-21 11:38:50.185,+02.519167
2026-02-21 11:38:50.985,+02.519164
2026-02-21 11:38:51.784,+02.519161
2026-02-21 11:38:52.594,+02.519164
2026-02-21 11:38:53.394,+02.519161
2026-02-21 11:38:54.193,+02.519161
2026-02-21 11:38:54.993,+02.519164
2026-02-21 11:38:55.792,+02.519164
2026-02-21 11:38:56.591,+02.519167
2026-02-21 11:38:57.390,+02.519170
2026-02-21 11:38:58.191,+02.519164
2026-02-21 11:38:58.990,+02.519167
2026-02-21 11:38:59.789,+02.519167
2026-02-21 11:39:00.589,+02.519164
2026-02-21 11:39:01.388,+02.519164
2026-02-21 11:39:02.187,+02.519161
2026-02-21 11:39:02.988,+02.519164
2026-02-21 11:39:03.786,+02.519158
2026-02-21 11:39:04.587,+02.519158
2026-02-21 11:39:05.385,+02.519167
2026-02-21 11:39:06.186,+02.519164
2026-02-21 11:39:06.985,+02.519164
2026-02-21 11:39:07.784,+02.519161
2026-02-21 11:39:08.584,+02.519164
2026-02-21 11:39:09.393,+02.519167
2026-02-21 11:39:10.193,+02.519170
2026-02-21 11:39:10.992,+02.519164
2026-02-21 11:39:11.792,+02.519164
2026-02-21 11:39:12.591,+02.519164
2026-02-21 11:39:13.391,+02.519167
2026-02-21 11:39:14.191,+02.519161
2026-02-21 11:39:14.990,+02.519164
2026-02-21 11:39:15.789,+02.519167
2026-02-21 11:39:16.589,+02.519164
2026-02-21 11:39:17.388,+02.519167
2026-02-21 11:39:18.188,+02.519164
2026-02-21 11:39:18.987,+02.519170
2026-02-21 11:39:19.787,+02.519164
2026-02-21 11:39:20.586,+02.519167
2026-02-21 11:39:21.386,+02.519170
2026-02-21 11:39:22.185,+02.519164
2026-02-21 11:39:22.985,+02.519164
2026-02-21 11:39:23.784,+02.519158
2026-02-21 11:39:24.584,+02.519161
2026-02-21 11:39:25.383,+02.519161
2026-02-21 11:39:26.183,+02.519167
2026-02-21 11:39:26.992,+02.519164
2026-02-21 11:39:27.791,+02.519164
2026-02-21 11:39:28.592,+02.519170
2026-02-21 11:39:29.391,+02.519161
2026-02-21 11:39:30.190,+02.519167
2026-02-21 11:39:30.990,+02.519161
2026-02-21 11:39:31.789,+02.519158
2026-02-21 11:39:32.589,+02.519161
2026-02-21 11:39:33.389,+02.519158
2026-02-21 11:39:34.187,+02.519155
2026-02-21 11:39:34.987,+02.519158
2026-02-21 11:39:35.786,+02.519161
2026-02-21 11:39:36.586,+02.519155
2026-02-21 11:39:37.387,+02.519155
2026-02-21 11:39:38.185,+02.519152
2026-02-21 11:39:38.985,+02.519155
2026-02-21 11:39:39.784,+02.519164
2026-02-21 11:39:40.584,+02.519161
2026-02-21 11:39:41.383,+02.519161
2026-02-21 11:39:42.182,+02.519161
2026-02-21 11:39:42.981,+02.519158
2026-02-21 11:39:43.792,+02.519161
2026-02-21 11:39:44.591,+02.519167
2026-02-21 11:39:45.391,+02.519164
2026-02-21 11:39:46.190,+02.519161
2026-02-21 11:39:46.990,+02.519164
2026-02-21 11:39:47.789,+02.519167
2026-02-21 11:39:48.588,+02.519164
2026-02-21 11:39:49.388,+02.519167
2026-02-21 11:39:50.188,+02.519158
2026-02-21 11:39:50.987,+02.519167
2026-02-21 11:39:51.787,+02.519164
2026-02-21 11:39:52.586,+02.519167
2026-02-21 11:39:53.386,+02.519167
2026-02-21 11:39:54.185,+02.519170
2026-02-21 11:39:54.984,+02.519164
2026-02-21 11:39:55.784,+02.519158
2026-02-21 11:39:56.583,+02.519164
2026-02-21 11:39:57.383,+02.519167
2026-02-21 11:39:58.183,+02.519164
2026-02-21 11:39:58.982,+02.519170
2026-02-21 11:39:59.781,+02.519167
2026-02-21 11:40:00.581,+02.519161
2026-02-21 11:40:01.391,+02.519161
2026-02-21 11:40:02.191,+02.519158
2026-02-21 11:40:02.990,+02.519161
2026-02-21 11:40:03.790,+02.519164
2026-02-21 11:40:04.589,+02.519152
2026-02-21 11:40:05.388,+02.519158
2026-02-21 11:40:06.188,+02.519170
2026-02-21 11:40:06.987,+02.519161
2026-02-21 11:40:07.787,+02.519164
2026-02-21 11:40:08.587,+02.519158
2026-02-21 11:40:09.386,+02.519158
2026-02-21 11:40:10.185,+02.519161
2026-02-21 11:40:10.985,+02.519164
2026-02-21 11:40:11.785,+02.519164
2026-02-21 11:40:12.584,+02.519161
2026-02-21 11:40:13.383,+02.519164
2026-02-21 11:40:14.183,+02.519158
2026-02-21 11:40:14.983,+02.519164
2026-02-21 11:40:15.782,+02.519164
2026-02-21 11:40:16.581,+02.519161
2026-02-21 11:40:17.381,+02.519164
2026-02-21 11:40:18.190,+02.519158
2026-02-21 11:40:18.990,+02.519158
2026-02-21 11:40:19.789,+02.519170
2026-02-21 11:40:20.589,+02.519161
2026-02-21 11:40:21.389,+02.519161
2026-02-21 11:40:22.187,+02.519161
2026-02-21 11:40:22.987,+02.519158
2026-02-21 11:40:23.786,+02.519161
2026-02-21 11:40:24.586,+02.519161
2026-02-21 11:40:25.386,+02.519158
2026-02-21 11:40:26.185,+02.519161
2026-02-21 11:40:26.985,+02.519164
2026-02-21 11:40:27.784,+02.519164
2026-02-21 11:40:28.584,+02.519167
2026-02-21 11:40:29.383,+02.519158
2026-02-21 11:40:30.183,+02.519164
2026-02-21 11:40:30.982,+02.519164
2026-02-21 11:40:31.781,+02.519164
2026-02-21 11:40:32.581,+02.519167
2026-02-21 11:40:33.381,+02.519161
2026-02-21 11:40:34.180,+02.519158
2026-02-21 11:40:34.980,+02.519158
2026-02-21 11:40:35.789,+02.519155
2026-02-21 11:40:36.589,+02.519152
2026-02-21 11:40:37.388,+02.519155
2026-02-21 11:40:38.188,+02.519161
2026-02-21 11:40:38.987,+02.519164
2026-02-21 11:40:39.787,+02.519158
2026-02-21 11:40:40.586,+02.519158
2026-02-21 11:40:41.386,+02.519158
2026-02-21 11:40:42.185,+02.519167
2026-02-21 11:40:42.985,+02.519164
2026-02-21 11:40:43.784,+02.519167
2026-02-21 11:40:44.584,+02.519164
2026-02-21 11:40:45.384,+02.519170
2026-02-21 11:40:46.183,+02.519164
2026-02-21 11:40:46.982,+02.519170
2026-02-21 11:40:47.782,+02.519167
2026-02-21 11:40:48.582,+02.519170
2026-02-21 11:40:49.382,+02.519164
2026-02-21 11:40:50.180,+02.519164
2026-02-21 11:40:50.980,+02.519161
2026-02-21 11:40:51.779,+02.519161
2026-02-21 11:40:52.588,+02.519167
2026-02-21 11:40:53.389,+02.519161
2026-02-21 11:40:54.188,+02.519155
2026-02-21 11:40:54.987,+02.519164
2026-02-21 11:40:55.787,+02.519167
2026-02-21 11:40:56.587,+02.519161
2026-02-21 11:40:57.386,+02.519167
2026-02-21 11:40:58.186,+02.519158
2026-02-21 11:40:58.985,+02.519158
2026-02-21 11:40:59.785,+02.519155
2026-02-21 11:41:00.584,+02.519161
2026-02-21 11:41:01.383,+02.519164
2026-02-21 11:41:02.183,+02.519161
2026-02-21 11:41:02.983,+02.519161
2026-02-21 11:41:03.782,+02.519161
2026-02-21 11:41:04.581,+02.519164
2026-02-21 11:41:05.380,+02.519161
2026-02-21 11:41:06.180,+02.519161
2026-02-21 11:41:06.980,+02.519167
2026-02-21 11:41:07.779,+02.519155
2026-02-21 11:41:08.579,+02.519158
2026-02-21 11:41:09.379,+02.519161
2026-02-21 11:41:10.188,+02.519158
2026-02-21 11:41:10.988,+02.519161
2026-02-21 11:41:11.787,+02.519155
2026-02-21 11:41:12.587,+02.519155
2026-02-21 11:41:13.386,+02.519164
2026-02-21 11:41:14.186,+02.519161
2026-02-21 11:41:14.985,+02.519164
2026-02-21 11:41:15.784,+02.519152
2026-02-21 11:41:16.584,+02.519158
2026-02-21 11:41:17.384,+02.519161
2026-02-21 11:41:18.183,+02.519164
2026-02-21 11:41:18.982,+02.519155
2026-02-21 11:41:19.781,+02.519161
2026-02-21 11:41:20.582,+02.519161
2026-02-21 11:41:21.380,+02.519161
2026-02-21 11:41:22.180,+02.519161
2026-02-21 11:41:22.979,+02.519164
2026-02-21 11:41:23.779,+02.519161
2026-02-21 11:41:24.579,+02.519158
2026-02-21 11:41:25.378,+02.519161
2026-02-21 11:41:26.178,+02.519164
2026-02-21 11:41:26.987,+02.519164
2026-02-21 11:41:27.787,+02.519158
2026-02-21 11:41:28.587,+02.519161
2026-02-21 11:41:29.387,+02.519164
2026-02-21 11:41:30.186,+02.519161
2026-02-21 11:41:30.986,+02.519155
2026-02-21 11:41:31.784,+02.519164
2026-02-21 11:41:32.585,+02.519164
2026-02-21 11:41:33.384,+02.519164
2026-02-21 11:41:34.183,+02.519155
2026-02-21 11:41:34.982,+02.519161
2026-02-21 11:41:35.782,+02.519164
2026-02-21 11:41:36.581,+02.519161
2026-02-21 11:41:37.381,+02.519158
2026-02-21 11:41:38.181,+02.519161
2026-02-21 11:41:38.980,+02.519161
2026-02-21 11:41:39.779,+02.519158
2026-02-21 11:41:40.579,+02.519164
2026-02-21 11:41:41.378,+02.519167
2026-02-21 11:41:42.178,+02.519164
2026-02-21 11:41:42.977,+02.519155
2026-02-21 11:41:43.787,+02.519164
2026-02-21 11:41:44.587,+02.519161
2026-02-21 11:41:45.387,+02.519164
2026-02-21 11:41:46.186,+02.519164
2026-02-21 11:41:46.985,+02.519167
2026-02-21 11:41:47.784,+02.519167
2026-02-21 11:41:48.584,+02.519164
2026-02-21 11:41:49.383,+02.519164
2026-02-21 11:41:50.182,+02.519155
2026-02-21 11:41:50.982,+02.519164
2026-02-21 11:41:51.781,+02.519164
2026-02-21 11:41:52.582,+02.519170
2026-02-21 11:41:53.381,+02.519158
2026-02-21 11:41:54.180,+02.519164
2026-02-21 11:41:54.980,+02.519164
2026-02-21 11:41:55.779,+02.519164
2026-02-21 11:41:56.579,+02.519161
2026-02-21 11:41:57.378,+02.519164
2026-02-21 11:41:58.178,+02.519161
2026-02-21 11:41:58.978,+02.519170
2026-02-21 11:41:59.777,+02.519170
2026-02-21 11:42:00.577,+02.519164
2026-02-21 11:42:01.386,+02.519170
2026-02-21 11:42:02.186,+02.519173
2026-02-21 11:42:02.985,+02.519173
2026-02-21 11:42:03.784,+02.519173
2026-02-21 11:42:04.584,+02.519179
2026-02-21 11:42:05.383,+02.519170
2026-02-21 11:42:06.183,+02.519170
2026-02-21 11:42:06.983,+02.519173
2026-02-21 11:42:07.782,+02.519170
2026-02-21 11:42:08.581,+02.519176
2026-02-21 11:42:09.381,+02.519173
2026-02-21 11:42:10.180,+02.519167
2026-02-21 11:42:10.980,+02.519176
2026-02-21 11:42:11.779,+02.519173
2026-02-21 11:42:12.579,+02.519179
2026-02-21 11:42:13.379,+02.519176
2026-02-21 11:42:14.178,+02.519173
2026-02-21 11:42:14.978,+02.519179
2026-02-21 11:42:15.777,+02.519167
2026-02-21 11:42:16.577,+02.519173
2026-02-21 11:42:17.376,+02.519167
2026-02-21 11:42:18.186,+02.519170
2026-02-21 11:42:18.985,+02.519167
2026-02-21 11:42:19.785,+02.519176
2026-02-21 11:42:20.584,+02.519173
2026-02-21 11:42:21.384,+02.519161
2026-02-21 11:42:22.183,+02.519170
2026-02-21 11:42:22.983,+02.519167
2026-02-21 11:42:23.781,+02.519167
2026-02-21 11:42:24.582,+02.519167
2026-02-21 11:42:25.381,+02.519167
2026-02-21 11:42:26.181,+02.519167
2026-02-21 11:42:26.980,+02.519164
2026-02-21 11:42:27.779,+02.519164
2026-02-21 11:42:28.579,+02.519167
2026-02-21 11:42:29.379,+02.519164
2026-02-21 11:42:30.178,+02.519161
2026-02-21 11:42:30.978,+02.519164
2026-02-21 11:42:31.777,+02.519167
2026-02-21 11:42:32.577,+02.519170
2026-02-21 11:42:33.376,+02.519170
2026-02-21 11:42:34.175,+02.519170
2026-02-21 11:42:34.975,+02.519158
2026-02-21 11:42:35.785,+02.519161
2026-02-21 11:42:36.584,+02.519170
2026-02-21 11:42:37.383,+02.519164
2026-02-21 11:42:38.183,+02.519170
2026-02-21 11:42:38.982,+02.519170
2026-02-21 11:42:39.782,+02.519176
2026-02-21 11:42:40.581,+02.519170
2026-02-21 11:42:41.381,+02.519167
2026-02-21 11:42:42.181,+02.519164
2026-02-21 11:42:42.980,+02.519176
2026-02-21 11:42:43.779,+02.519170
2026-02-21 11:42:44.579,+02.519161
2026-02-21 11:42:45.378,+02.519167
2026-02-21 11:42:46.178,+02.519173
2026-02-21 11:42:46.978,+02.519173
2026-02-21 11:42:47.777,+02.519173
2026-02-21 11:42:48.577,+02.519173
2026-02-21 11:42:49.376,+02.519173
2026-02-21 11:42:50.176,+02.519173
2026-02-21 11:42:50.975,+02.519164
2026-02-21 11:42:51.774,+02.519167
2026-02-21 11:42:52.584,+02.519173
2026-02-21 11:42:53.384,+02.519173
2026-02-21 11:42:54.183,+02.519170
2026-02-21 11:42:54.983,+02.519173
2026-02-21 11:42:55.782,+02.519173
2026-02-21 11:42:56.582,+02.519176
2026-02-21 11:42:57.381,+02.519173
2026-02-21 11:42:58.181,+02.519167
2026-02-21 11:42:58.980,+02.519173
2026-02-21 11:42:59.779,+02.519176
2026-02-21 11:43:00.580,+02.519179
2026-02-21 11:43:01.379,+02.519182
2026-02-21 11:43:02.178,+02.519176
2026-02-21 11:43:02.978,+02.519170
2026-02-21 11:43:03.777,+02.519173
2026-02-21 11:43:04.577,+02.519173
2026-02-21 11:43:05.376,+02.519179
2026-02-21 11:43:06.176,+02.519170
2026-02-21 11:43:06.975,+02.519179
2026-02-21 11:43:07.774,+02.519173
2026-02-21 11:43:08.574,+02.519170
2026-02-21 11:43:09.373,+02.519176
2026-02-21 11:43:10.183,+02.519170
2026-02-21 11:43:10.983,+02.519179
2026-02-21 11:43:11.782,+02.519170
2026-02-21 11:43:12.582,+02.519173
2026-02-21 11:43:13.381,+02.519173
2026-02-21 11:43:14.181,+02.519170
2026-02-21 11:43:14.980,+02.519170
2026-02-21 11:43:15.779,+02.519161
2026-02-21 11:43:16.579,+02.519170
2026-02-21 11:43:17.379,+02.519167
2026-02-21 11:43:18.178,+02.519170
2026-02-21 11:43:18.978,+02.519170
2026-02-21 11:43:19.777,+02.519173
2026-02-21 11:43:20.577,+02.519176
2026-02-21 11:43:21.376,+02.519173
2026-02-21 11:43:22.176,+02.519173
2026-02-21 11:43:22.975,+02.519173
2026-02-21 11:43:23.775,+02.519182
2026-02-21 11:43:24.574,+02.519173
2026-02-21 11:43:25.374,+02.519176
2026-02-21 11:43:26.173,+02.519173
2026-02-21 11:43:26.983,+02.519179
2026-02-21 11:43:27.782,+02.519173
2026-02-21 11:43:28.582,+02.519173
2026-02-21 11:43:29.382,+02.519170
2026-02-21 11:43:30.181,+02.519176
2026-02-21 11:43:30.980,+02.519176
2026-02-21 11:43:31.779,+02.519173
2026-02-21 11:43:32.579,+02.519167
2026-02-21 11:43:33.379,+02.519170
2026-02-21 11:43:34.178,+02.519170
2026-02-21 11:43:34.977,+02.519179
2026-02-21 11:43:35.777,+02.519170
2026-02-21 11:43:36.576,+02.519164
2026-02-21 11:43:37.377,+02.519173
2026-02-21 11:43:38.176,+02.519173
2026-02-21 11:43:38.974,+02.519173
2026-02-21 11:43:39.775,+02.519167
2026-02-21 11:43:40.575,+02.519170
2026-02-21 11:43:41.374,+02.519164
2026-02-21 11:43:42.174,+02.519164
2026-02-21 11:43:42.973,+02.519164
2026-02-21 11:43:43.772,+02.519167
2026-02-21 11:43:44.582,+02.519173
2026-02-21 11:43:45.382,+02.519173
2026-02-21 11:43:46.181,+02.519167
2026-02-21 11:43:46.981,+02.519167
2026-02-21 11:43:47.780,+02.519173
2026-02-21 11:43:48.579,+02.519167
2026-02-21 11:43:49.379,+02.519164
2026-02-21 11:43:50.178,+02.519164
2026-02-21 11:43:50.978,+02.519158
2026-02-21 11:43:51.777,+02.519167
2026-02-21 11:43:52.577,+02.519170
2026-02-21 11:43:53.376,+02.519164
2026-02-21 11:43:54.176,+02.519158
2026-02-21 11:43:54.975,+02.519167
2026-02-21 11:43:55.775,+02.519167
2026-02-21 11:43:56.575,+02.519161
2026-02-21 11:43:57.374,+02.519164
2026-02-21 11:43:58.174,+02.519161
2026-02-21 11:43:58.973,+02.519164
2026-02-21 11:43:59.773,+02.519164
2026-02-21 11:44:00.572,+02.519167
2026-02-21 11:44:01.382,+02.519173
2026-02-21 11:44:02.181,+02.519167
2026-02-21 11:44:02.981,+02.519167
2026-02-21 11:44:03.779,+02.519167
2026-02-21 11:44:04.579,+02.519164
2026-02-21 11:44:05.378,+02.519170
2026-02-21 11:44:06.178,+02.519161
2026-02-21 11:44:06.978,+02.519170
2026-02-21 11:44:07.777,+02.519167
2026-02-21 11:44:08.577,+02.519161
2026-02-21 11:44:09.377,+02.519167
2026-02-21 11:44:10.176,+02.519167
2026-02-21 11:44:10.975,+02.519161
2026-02-21 11:44:11.775,+02.519167
2026-02-21 11:44:12.574,+02.519170
2026-02-21 11:44:13.374,+02.519167
2026-02-21 11:44:14.173,+02.519158
2026-02-21 11:44:14.973,+02.519167
2026-02-21 11:44:15.773,+02.519170
2026-02-21 11:44:16.572,+02.519164
2026-02-21 11:44:17.371,+02.519161
2026-02-21 11:44:18.171,+02.519161
2026-02-21 11:44:18.980,+02.519158
2026-02-21 11:44:19.780,+02.519158
2026-02-21 11:44:20.579,+02.519164
2026-02-21 11:44:21.379,+02.519170
2026-02-21 11:44:22.178,+02.519170
2026-02-21 11:44:22.978,+02.519170
2026-02-21 11:44:23.777,+02.519170
2026-02-21 11:44:24.577,+02.519167
2026-02-21 11:44:25.376,+02.519164
2026-02-21 11:44:26.176,+02.519170
2026-02-21 11:44:26.975,+02.519170
2026-02-21 11:44:27.775,+02.519167
2026-02-21 11:44:28.574,+02.519167
2026-02-21 11:44:29.374,+02.519167
2026-02-21 11:44:30.173,+02.519167
2026-02-21 11:44:30.973,+02.519170
2026-02-21 11:44:31.772,+02.519164
2026-02-21 11:44:32.572,+02.519161
2026-02-21 11:44:33.371,+02.519164
2026-02-21 11:44:34.170,+02.519167
2026-02-21 11:44:34.970,+02.519167
2026-02-21 11:44:35.780,+02.519170
2026-02-21 11:44:36.579,+02.519167
2026-02-21 11:44:37.379,+02.519167
2026-02-21 11:44:38.178,+02.519161
2026-02-21 11:44:38.978,+02.519167
2026-02-21 11:44:39.777,+02.519167
2026-02-21 11:44:40.577,+02.519167
2026-02-21 11:44:41.377,+02.519161
2026-02-21 11:44:42.176,+02.519167
2026-02-21 11:44:42.975,+02.519167
2026-02-21 11:44:43.775,+02.519170
2026-02-21 11:44:44.574,+02.519164
2026-02-21 11:44:45.374,+02.519170
2026-02-21 11:44:46.174,+02.519170
2026-02-21 11:44:46.973,+02.519167
2026-02-21 11:44:47.772,+02.519161
2026-02-21 11:44:48.572,+02.519164
2026-02-21 11:44:49.371,+02.519167
2026-02-21 11:44:50.171,+02.519164
2026-02-21 11:44:50.971,+02.519164
2026-02-21 11:44:51.770,+02.519164
2026-02-21 11:44:52.570,+02.519173
2026-02-21 11:44:53.379,+02.519164
2026-02-21 11:44:54.179,+02.519167
2026-02-21 11:44:54.978,+02.519167
2026-02-21 11:44:55.777,+02.519167
2026-02-21 11:44:56.577,+02.519170
2026-02-21 11:44:57.376,+02.519167
2026-02-21 11:44:58.176,+02.519161
2026-02-21 11:44:58.976,+02.519167
2026-02-21 11:44:59.775,+02.519167
2026-02-21 11:45:00.574,+02.519170
2026-02-21 11:45:01.373,+02.519164
2026-02-21 11:45:02.173,+02.519164
2026-02-21 11:45:02.973,+02.519161
2026-02-21 11:45:03.773,+02.519158
2026-02-21 11:45:04.572,+02.519167
2026-02-21 11:45:05.371,+02.519170
2026-02-21 11:45:06.171,+02.519170
2026-02-21 11:45:06.970,+02.519167
2026-02-21 11:45:07.770,+02.519164
2026-02-21 11:45:08.569,+02.519167
2026-02-21 11:45:09.369,+02.519167
2026-02-21 11:45:10.179,+02.519170
2026-02-21 11:45:10.978,+02.519164
2026-02-21 11:45:11.777,+02.519167
2026-02-21 11:45:12.577,+02.519167
2026-02-21 11:45:13.376,+02.519164
2026-02-21 11:45:14.176,+02.519167
2026-02-21 11:45:14.975,+02.519161
2026-02-21 11:45:15.775,+02.519164
2026-02-21 11:45:16.574,+02.519170
2026-02-21 11:45:17.374,+02.519167
2026-02-21 11:45:18.174,+02.519167
2026-02-21 11:45:18.973,+02.519167
2026-02-21 11:45:19.772,+02.519176
2026-02-21 11:45:20.572,+02.519167
2026-02-21 11:45:21.372,+02.519167
2026-02-21 11:45:22.171,+02.519161
2026-02-21 11:45:22.970,+02.519164
2026-02-21 11:45:23.771,+02.519164
2026-02-21 11:45:24.570,+02.519161
2026-02-21 11:45:25.369,+02.519167
2026-02-21 11:45:26.168,+02.519164
2026-02-21 11:45:26.967,+02.519167
2026-02-21 11:45:27.777,+02.519167
2026-02-21 11:45:28.577,+02.519167
2026-02-21 11:45:29.377,+02.519173
2026-02-21 11:45:30.176,+02.519167
2026-02-21 11:45:30.975,+02.519164
2026-02-21 11:45:31.778,+02.519161
2026-02-21 11:45:32.575,+02.519161
2026-02-21 11:45:33.374,+02.519164
2026-02-21 11:45:34.173,+02.519173
2026-02-21 11:45:34.973,+02.519167
2026-02-21 11:45:35.772,+02.519164
2026-02-21 11:45:36.572,+02.519167
2026-02-21 11:45:37.371,+02.519170
2026-02-21 11:45:38.171,+02.519164
2026-02-21 11:45:38.970,+02.519173
2026-02-21 11:45:39.770,+02.519164
2026-02-21 11:45:40.569,+02.519167
2026-02-21 11:45:41.369,+02.519173
2026-02-21 11:45:42.168,+02.519161
2026-02-21 11:45:42.969,+02.519173
2026-02-21 11:45:43.767,+02.519167
2026-02-21 11:45:44.577,+02.519170
2026-02-21 11:45:45.376,+02.519164
2026-02-21 11:45:46.176,+02.519176
2026-02-21 11:45:46.975,+02.519167
2026-02-21 11:45:47.775,+02.519170
2026-02-21 11:45:48.575,+02.519170
2026-02-21 11:45:49.374,+02.519167
2026-02-21 11:45:50.174,+02.519170
2026-02-21 11:45:50.973,+02.519173
2026-02-21 11:45:51.772,+02.519173
2026-02-21 11:45:52.572,+02.519173
2026-02-21 11:45:53.372,+02.519170
2026-02-21 11:45:54.170,+02.519173
2026-02-21 11:45:54.971,+02.519170
2026-02-21 11:45:55.770,+02.519170
2026-02-21 11:45:56.570,+02.519164
2026-02-21 11:45:57.369,+02.519167
2026-02-21 11:45:58.168,+02.519164
2026-02-21 11:45:58.968,+02.519170
2026-02-21 11:45:59.767,+02.519170
2026-02-21 11:46:00.567,+02.519173
2026-02-21 11:46:01.366,+02.519176
2026-02-21 11:46:02.176,+02.519170
2026-02-21 11:46:02.976,+02.519176
2026-02-21 11:46:03.775,+02.519170
2026-02-21 11:46:04.574,+02.519167
2026-02-21 11:46:05.374,+02.519161
2026-02-21 11:46:06.174,+02.519167
2026-02-21 11:46:06.973,+02.519173
2026-02-21 11:46:07.772,+02.519164
2026-02-21 11:46:08.572,+02.519167
2026-02-21 11:46:09.372,+02.519161
2026-02-21 11:46:10.171,+02.519164
2026-02-21 11:46:10.970,+02.519170
2026-02-21 11:46:11.770,+02.519167
2026-02-21 11:46:12.570,+02.519170
2026-02-21 11:46:13.369,+02.519170
2026-02-21 11:46:14.169,+02.519164
2026-02-21 11:46:14.968,+02.519170
2026-02-21 11:46:15.767,+02.519170
2026-02-21 11:46:16.567,+02.519164
2026-02-21 11:46:17.366,+02.519158
2026-02-21 11:46:18.166,+02.519158
2026-02-21 11:46:18.975,+02.519164
2026-02-21 11:46:19.775,+02.519161
2026-02-21 11:46:20.574,+02.519164
2026-02-21 11:46:21.373,+02.519164
2026-02-21 11:46:22.174,+02.519164
2026-02-21 11:46:22.972,+02.519167
2026-02-21 11:46:23.773,+02.519170
2026-02-21 11:46:24.572,+02.519161
2026-02-21 11:46:25.372,+02.519158
2026-02-21 11:46:26.171,+02.519158
2026-02-21 11:46:26.970,+02.519164
2026-02-21 11:46:27.770,+02.519170
2026-02-21 11:46:28.570,+02.519170
2026-02-21 11:46:29.369,+02.519170
2026-02-21 11:46:30.168,+02.519167
2026-02-21 11:46:30.968,+02.519164
2026-02-21 11:46:31.768,+02.519170
2026-02-21 11:46:32.567,+02.519170
2026-02-21 11:46:33.367,+02.519167
2026-02-21 11:46:34.167,+02.519170
2026-02-21 11:46:34.965,+02.519170
2026-02-21 11:46:35.765,+02.519167
2026-02-21 11:46:36.574,+02.519170
2026-02-21 11:46:37.374,+02.519173
2026-02-21 11:46:38.173,+02.519170
2026-02-21 11:46:38.973,+02.519173
2026-02-21 11:46:39.773,+02.519170
2026-02-21 11:46:40.573,+02.519170
2026-02-21 11:46:41.371,+02.519170
2026-02-21 11:46:42.171,+02.519167
2026-02-21 11:46:42.971,+02.519170
2026-02-21 11:46:43.770,+02.519167
2026-02-21 11:46:44.570,+02.519167
2026-02-21 11:46:45.369,+02.519173
2026-02-21 11:46:46.168,+02.519173
2026-02-21 11:46:46.968,+02.519170
2026-02-21 11:46:47.768,+02.519167
2026-02-21 11:46:48.567,+02.519179
2026-02-21 11:46:49.366,+02.519173
2026-02-21 11:46:50.165,+02.519170
2026-02-21 11:46:50.965,+02.519170
2026-02-21 11:46:51.765,+02.519170
2026-02-21 11:46:52.564,+02.519164
2026-02-21 11:46:53.374,+02.519164
2026-02-21 11:46:54.174,+02.519167
2026-02-21 11:46:54.973,+02.519176
2026-02-21 11:46:55.773,+02.519164
2026-02-21 11:46:56.572,+02.519170
2026-02-21 11:46:57.372,+02.519170
2026-02-21 11:46:58.171,+02.519173
2026-02-21 11:46:58.970,+02.519170
2026-02-21 11:46:59.770,+02.519173
2026-02-21 11:47:00.570,+02.519173
2026-02-21 11:47:01.369,+02.519164
2026-02-21 11:47:02.169,+02.519173
2026-02-21 11:47:02.968,+02.519176
2026-02-21 11:47:03.767,+02.519167
2026-02-21 11:47:04.567,+02.519167
2026-02-21 11:47:05.366,+02.519179
2026-02-21 11:47:06.166,+02.519176
2026-02-21 11:47:06.965,+02.519170
2026-02-21 11:47:07.765,+02.519170
2026-02-21 11:47:08.565,+02.519170
2026-02-21 11:47:09.364,+02.519170
2026-02-21 11:47:10.164,+02.519167
2026-02-21 11:47:10.973,+02.519176
2026-02-21 11:47:11.772,+02.519173
2026-02-21 11:47:12.572,+02.519173
2026-02-21 11:47:13.372,+02.519185
2026-02-21 11:47:14.171,+02.519170
2026-02-21 11:47:14.971,+02.519173
2026-02-21 11:47:15.770,+02.519176
2026-02-21 11:47:16.570,+02.519170
2026-02-21 11:47:17.369,+02.519173
2026-02-21 11:47:18.168,+02.519167
2026-02-21 11:47:18.968,+02.519170
2026-02-21 11:47:19.767,+02.519167
2026-02-21 11:47:20.567,+02.519164
2026-02-21 11:47:21.367,+02.519173
2026-02-21 11:47:22.166,+02.519170
2026-02-21 11:47:22.965,+02.519164
2026-02-21 11:47:23.765,+02.519173
2026-02-21 11:47:24.565,+02.519170
2026-02-21 11:47:25.364,+02.519170
2026-02-21 11:47:26.164,+02.519173
2026-02-21 11:47:26.963,+02.519170
2026-02-21 11:47:27.772,+02.519176
2026-02-21 11:47:28.573,+02.519173
2026-02-21 11:47:29.371,+02.519173
2026-02-21 11:47:30.171,+02.519176
2026-02-21 11:47:30.971,+02.519176
2026-02-21 11:47:31.771,+02.519176
2026-02-21 11:47:32.570,+02.519164
2026-02-21 11:47:33.370,+02.519170
2026-02-21 11:47:34.169,+02.519182
2026-02-21 11:47:34.969,+02.519176
2026-02-21 11:47:35.768,+02.519167
2026-02-21 11:47:36.567,+02.519176
2026-02-21 11:47:37.367,+02.519170
2026-02-21 11:47:38.166,+02.519179
2026-02-21 11:47:38.966,+02.519179
2026-02-21 11:47:39.765,+02.519173
2026-02-21 11:47:40.565,+02.519173
2026-02-21 11:47:41.364,+02.519173
2026-02-21 11:47:42.163,+02.519170
2026-02-21 11:47:42.963,+02.519167
2026-02-21 11:47:43.763,+02.519176
2026-02-21 11:47:44.562,+02.519170
2026-02-21 11:47:45.372,+02.519173
2026-02-21 11:47:46.171,+02.519173
2026-02-21 11:47:46.970,+02.519182
2026-02-21 11:47:47.770,+02.519173
2026-02-21 11:47:48.570,+02.519176
2026-02-21 11:47:49.370,+02.519170
2026-02-21 11:47:50.169,+02.519167
2026-02-21 11:47:50.969,+02.519176
2026-02-21 11:47:51.767,+02.519170
2026-02-21 11:47:52.567,+02.519173
2026-02-21 11:47:53.367,+02.519173
2026-02-21 11:47:54.166,+02.519176
2026-02-21 11:47:54.966,+02.519173
2026-02-21 11:47:55.765,+02.519176
2026-02-21 11:47:56.564,+02.519173
2026-02-21 11:47:57.364,+02.519176
2026-02-21 11:47:58.164,+02.519170
2026-02-21 11:47:58.963,+02.519170
2026-02-21 11:47:59.763,+02.519164
2026-02-21 11:48:00.562,+02.519167
2026-02-21 11:48:01.362,+02.519173
2026-02-21 11:48:02.172,+02.519170
2026-02-21 11:48:02.971,+02.519176
2026-02-21 11:48:03.770,+02.519173
2026-02-21 11:48:04.570,+02.519176
2026-02-21 11:48:05.369,+02.519173
2026-02-21 11:48:06.169,+02.519170
2026-02-21 11:48:06.969,+02.519173
2026-02-21 11:48:07.768,+02.519176
2026-02-21 11:48:08.568,+02.519176
2026-02-21 11:48:09.367,+02.519176
2026-02-21 11:48:10.167,+02.519173
2026-02-21 11:48:10.966,+02.519179
2026-02-21 11:48:11.765,+02.519182
2026-02-21 11:48:12.565,+02.519176
2026-02-21 11:48:13.364,+02.519173
2026-02-21 11:48:14.164,+02.519176
2026-02-21 11:48:14.963,+02.519170
2026-02-21 11:48:15.762,+02.519164
2026-02-21 11:48:16.562,+02.519164
2026-02-21 11:48:17.362,+02.519173
2026-02-21 11:48:18.161,+02.519173
2026-02-21 11:48:18.960,+02.519170
2026-02-21 11:48:19.770,+02.519173
2026-02-21 11:48:20.570,+02.519176
2026-02-21 11:48:21.370,+02.519179
2026-02-21 11:48:22.169,+02.519170
2026-02-21 11:48:22.969,+02.519176
2026-02-21 11:48:23.768,+02.519170
2026-02-21 11:48:24.567,+02.519176
2026-02-21 11:48:25.367,+02.519173
2026-02-21 11:48:26.167,+02.519176
2026-02-21 11:48:26.966,+02.519170
2026-02-21 11:48:27.765,+02.519173
2026-02-21 11:48:28.565,+02.519182
2026-02-21 11:48:29.364,+02.519176
2026-02-21 11:48:30.163,+02.519179
2026-02-21 11:48:30.963,+02.519170
2026-02-21 11:48:31.763,+02.519173
2026-02-21 11:48:32.562,+02.519170
2026-02-21 11:48:33.361,+02.519179
2026-02-21 11:48:34.162,+02.519173
2026-02-21 11:48:34.961,+02.519173
2026-02-21 11:48:35.761,+02.519185
2026-02-21 11:48:36.570,+02.519176
2026-02-21 11:48:37.369,+02.519176
2026-02-21 11:48:38.169,+02.519173
2026-02-21 11:48:38.969,+02.519179
2026-02-21 11:48:39.767,+02.519173
2026-02-21 11:48:40.568,+02.519173
2026-02-21 11:48:41.367,+02.519179
2026-02-21 11:48:42.166,+02.519176
2026-02-21 11:48:42.966,+02.519173
2026-02-21 11:48:43.765,+02.519173
2026-02-21 11:48:44.565,+02.519176
2026-02-21 11:48:45.364,+02.519170
2026-02-21 11:48:46.164,+02.519173
2026-02-21 11:48:46.964,+02.519182
2026-02-21 11:48:47.763,+02.519176
2026-02-21 11:48:48.562,+02.519170
2026-02-21 11:48:49.362,+02.519173
2026-02-21 11:48:50.161,+02.519176
2026-02-21 11:48:50.961,+02.519182
2026-02-21 11:48:51.760,+02.519173
2026-02-21 11:48:52.560,+02.519176
2026-02-21 11:48:53.359,+02.519179
2026-02-21 11:48:54.169,+02.519176
2026-02-21 11:48:54.968,+02.519179
2026-02-21 11:48:55.768,+02.519179
2026-02-21 11:48:56.568,+02.519179
2026-02-21 11:48:57.366,+02.519179
2026-02-21 11:48:58.166,+02.519182
2026-02-21 11:48:58.966,+02.519179
2026-02-21 11:48:59.766,+02.519185
2026-02-21 11:49:00.565,+02.519179
2026-02-21 11:49:01.364,+02.519176
2026-02-21 11:49:02.164,+02.519173
2026-02-21 11:49:02.963,+02.519173
2026-02-21 11:49:03.763,+02.519173
2026-02-21 11:49:04.563,+02.519182
2026-02-21 11:49:05.362,+02.519179
2026-02-21 11:49:06.161,+02.519176
2026-02-21 11:49:06.961,+02.519173
2026-02-21 11:49:07.760,+02.519179
2026-02-21 11:49:08.560,+02.519179
2026-02-21 11:49:09.359,+02.519185
2026-02-21 11:49:10.158,+02.519176
2026-02-21 11:49:10.968,+02.519179
2026-02-21 11:49:11.768,+02.519179
2026-02-21 11:49:12.567,+02.519187
2026-02-21 11:49:13.367,+02.519176
2026-02-21 11:49:14.166,+02.519173
2026-02-21 11:49:14.966,+02.519176
2026-02-21 11:49:15.765,+02.519182
2026-02-21 11:49:16.565,+02.519179
2026-02-21 11:49:17.364,+02.519173
2026-02-21 11:49:18.164,+02.519173
2026-02-21 11:49:18.963,+02.519179
2026-02-21 11:49:19.763,+02.519179
2026-02-21 11:49:20.562,+02.519170
2026-02-21 11:49:21.362,+02.519179
2026-02-21 11:49:22.161,+02.519179
2026-02-21 11:49:22.961,+02.519182
2026-02-21 11:49:23.760,+02.519173
2026-02-21 11:49:24.559,+02.519173
2026-02-21 11:49:25.359,+02.519179
2026-02-21 11:49:26.158,+02.519173
2026-02-21 11:49:26.958,+02.519167
2026-02-21 11:49:27.767,+02.519173
2026-02-21 11:49:28.567,+02.519179
2026-02-21 11:49:29.367,+02.519167
2026-02-21 11:49:30.166,+02.519179
2026-02-21 11:49:30.966,+02.519173
2026-02-21 11:49:31.765,+02.519176
2026-02-21 11:49:32.565,+02.519173
2026-02-21 11:49:33.364,+02.519173
2026-02-21 11:49:34.164,+02.519173
2026-02-21 11:49:34.963,+02.519176
2026-02-21 11:49:35.763,+02.519179
2026-02-21 11:49:36.562,+02.519182
2026-02-21 11:49:37.362,+02.519185
2026-02-21 11:49:38.161,+02.519170
2026-02-21 11:49:38.960,+02.519176
2026-02-21 11:49:39.761,+02.519173
2026-02-21 11:49:40.560,+02.519179
2026-02-21 11:49:41.359,+02.519170
2026-02-21 11:49:42.158,+02.519173
2026-02-21 11:49:42.958,+02.519176
2026-02-21 11:49:43.758,+02.519176
2026-02-21 11:49:44.557,+02.519173
2026-02-21 11:49:45.367,+02.519170
2026-02-21 11:49:46.167,+02.519173
2026-02-21 11:49:46.966,+02.519179
2026-02-21 11:49:47.765,+02.519170
2026-02-21 11:49:48.565,+02.519182
2026-02-21 11:49:49.365,+02.519176
2026-02-21 11:49:50.164,+02.519173
2026-02-21 11:49:50.963,+02.519176
2026-02-21 11:49:51.763,+02.519173
2026-02-21 11:49:52.562,+02.519176
2026-02-21 11:49:53.361,+02.519179
2026-02-21 11:49:54.162,+02.519185
2026-02-21 11:49:54.960,+02.519176
2026-02-21 11:49:55.761,+02.519176
2026-02-21 11:49:56.560,+02.519179
2026-02-21 11:49:57.360,+02.519179
2026-02-21 11:49:58.158,+02.519179
2026-02-21 11:49:58.959,+02.519179
2026-02-21 11:49:59.757,+02.519176
2026-02-21 11:50:00.557,+02.519179
2026-02-21 11:50:01.356,+02.519176
2026-02-21 11:50:02.167,+02.519173
2026-02-21 11:50:02.966,+02.519176
2026-02-21 11:50:03.765,+02.519176
2026-02-21 11:50:04.565,+02.519173
2026-02-21 11:50:05.364,+02.519182
2026-02-21 11:50:06.164,+02.519185
2026-02-21 11:50:06.963,+02.519182
2026-02-21 11:50:07.763,+02.519182
2026-02-21 11:50:08.562,+02.519176
2026-02-21 11:50:09.361,+02.519170
2026-02-21 11:50:10.161,+02.519179
2026-02-21 11:50:10.961,+02.519176
2026-02-21 11:50:11.759,+02.519167
2026-02-21 11:50:12.560,+02.519179
2026-02-21 11:50:13.359,+02.519179
2026-02-21 11:50:14.159,+02.519176
2026-02-21 11:50:14.958,+02.519179
2026-02-21 11:50:15.758,+02.519179
2026-02-21 11:50:16.557,+02.519173
2026-02-21 11:50:17.356,+02.519170
2026-02-21 11:50:18.156,+02.519173
2026-02-21 11:50:18.955,+02.519173
2026-02-21 11:50:19.766,+02.519176
2026-02-21 11:50:20.565,+02.519182
2026-02-21 11:50:21.364,+02.519179
2026-02-21 11:50:22.164,+02.519179
2026-02-21 11:50:22.963,+02.519182
2026-02-21 11:50:23.763,+02.519179
2026-02-21 11:50:24.562,+02.519179
2026-02-21 11:50:25.361,+02.519182
2026-02-21 11:50:26.161,+02.519179
2026-02-21 11:50:26.960,+02.519182
2026-02-21 11:50:27.760,+02.519182
2026-02-21 11:50:28.560,+02.519182
2026-02-21 11:50:29.359,+02.519179
2026-02-21 11:50:30.159,+02.519182
2026-02-21 11:50:30.958,+02.519182
2026-02-21 11:50:31.758,+02.519187
2026-02-21 11:50:32.557,+02.519190
2026-02-21 11:50:33.357,+02.519187
2026-02-21 11:50:34.156,+02.519187
2026-02-21 11:50:34.956,+02.519185
2026-02-21 11:50:35.755,+02.519182
2026-02-21 11:50:36.565,+02.519179
2026-02-21 11:50:37.365,+02.519176
2026-02-21 11:50:38.164,+02.519182
2026-02-21 11:50:38.963,+02.519182
2026-02-21 11:50:39.763,+02.519179
2026-02-21 11:50:40.562,+02.519176
2026-02-21 11:50:41.362,+02.519179
2026-02-21 11:50:42.161,+02.519179
2026-02-21 11:50:42.961,+02.519179
2026-02-21 11:50:43.761,+02.519173
2026-02-21 11:50:44.560,+02.519176
2026-02-21 11:50:45.360,+02.519182
2026-02-21 11:50:46.159,+02.519179
2026-02-21 11:50:46.958,+02.519185
2026-02-21 11:50:47.758,+02.519187
2026-02-21 11:50:48.558,+02.519179
2026-02-21 11:50:49.357,+02.519173
2026-02-21 11:50:50.156,+02.519179
2026-02-21 11:50:50.956,+02.519185
2026-02-21 11:50:51.756,+02.519179
2026-02-21 11:50:52.554,+02.519179
2026-02-21 11:50:53.354,+02.519176
2026-02-21 11:50:54.163,+02.519173
2026-02-21 11:50:54.963,+02.519182
2026-02-21 11:50:55.763,+02.519179
2026-02-21 11:50:56.562,+02.519187
2026-02-21 11:50:57.362,+02.519185
2026-02-21 11:50:58.162,+02.519182
2026-02-21 11:50:58.960,+02.519185
2026-02-21 11:50:59.760,+02.519182
2026-02-21 11:51:00.560,+02.519179
2026-02-21 11:51:01.359,+02.519182
2026-02-21 11:51:02.158,+02.519182
2026-02-21 11:51:02.959,+02.519182
2026-02-21 11:51:03.758,+02.519182
2026-02-21 11:51:04.557,+02.519179
2026-02-21 11:51:05.357,+02.519182
2026-02-21 11:51:06.156,+02.519182
2026-02-21 11:51:06.956,+02.519187
2026-02-21 11:51:07.754,+02.519190
2026-02-21 11:51:08.555,+02.519187
2026-02-21 11:51:09.354,+02.519185
2026-02-21 11:51:10.154,+02.519185
2026-02-21 11:51:10.963,+02.519182
2026-02-21 11:51:11.763,+02.519179
2026-02-21 11:51:12.562,+02.519182
2026-02-21 11:51:13.362,+02.519187
2026-02-21 11:51:14.161,+02.519190
2026-02-21 11:51:14.961,+02.519182
2026-02-21 11:51:15.760,+02.519190
2026-02-21 11:51:16.560,+02.519185
2026-02-21 11:51:17.359,+02.519176
2026-02-21 11:51:18.159,+02.519179
2026-02-21 11:51:18.958,+02.519173
2026-02-21 11:51:19.758,+02.519170
2026-02-21 11:51:20.557,+02.519182
2026-02-21 11:51:21.356,+02.519167
2026-02-21 11:51:22.156,+02.519182
2026-02-21 11:51:22.955,+02.519176
2026-02-21 11:51:23.755,+02.519182
2026-02-21 11:51:24.555,+02.519176
2026-02-21 11:51:25.354,+02.519185
2026-02-21 11:51:26.153,+02.519185
2026-02-21 11:51:26.953,+02.519173
2026-02-21 11:51:27.763,+02.519173
2026-02-21 11:51:28.562,+02.519182
2026-02-21 11:51:29.362,+02.519179
2026-02-21 11:51:30.161,+02.519182
2026-02-21 11:51:30.961,+02.519182
2026-02-21 11:51:31.760,+02.519182
2026-02-21 11:51:32.560,+02.519185
2026-02-21 11:51:33.359,+02.519176
2026-02-21 11:51:34.159,+02.519176
2026-02-21 11:51:34.958,+02.519179
2026-02-21 11:51:35.758,+02.519179
2026-02-21 11:51:36.557,+02.519173
2026-02-21 11:51:37.356,+02.519170
2026-02-21 11:51:38.156,+02.519176
2026-02-21 11:51:38.956,+02.519170
2026-02-21 11:51:39.755,+02.519176
2026-02-21 11:51:40.555,+02.519176
2026-02-21 11:51:41.354,+02.519182
2026-02-21 11:51:42.154,+02.519182
2026-02-21 11:51:42.953,+02.519176
2026-02-21 11:51:43.753,+02.519176
2026-02-21 11:51:44.552,+02.519173
2026-02-21 11:51:45.361,+02.519170
2026-02-21 11:51:46.161,+02.519179
2026-02-21 11:51:46.961,+02.519176
2026-02-21 11:51:47.761,+02.519179
2026-02-21 11:51:48.560,+02.519176
2026-02-21 11:51:49.360,+02.519176
2026-02-21 11:51:50.159,+02.519182
2026-02-21 11:51:50.958,+02.519179
2026-02-21 11:51:51.758,+02.519182
2026-02-21 11:51:52.558,+02.519182
2026-02-21 11:51:53.357,+02.519173
2026-02-21 11:51:54.156,+02.519182
2026-02-21 11:51:54.955,+02.519182
2026-02-21 11:51:55.755,+02.519182
2026-02-21 11:51:56.554,+02.519179
2026-02-21 11:51:57.355,+02.519173
2026-02-21 11:51:58.153,+02.519185
2026-02-21 11:51:58.954,+02.519182
2026-02-21 11:51:59.753,+02.519185
2026-02-21 11:52:00.552,+02.519179
2026-02-21 11:52:01.351,+02.519185
2026-02-21 11:52:02.161,+02.519176
2026-02-21 11:52:02.961,+02.519179
2026-02-21 11:52:03.760,+02.519170
2026-02-21 11:52:04.560,+02.519179
2026-02-21 11:52:05.359,+02.519185
2026-02-21 11:52:06.159,+02.519182
2026-02-21 11:52:06.958,+02.519179
2026-02-21 11:52:07.757,+02.519187
2026-02-21 11:52:08.558,+02.519176
2026-02-21 11:52:09.357,+02.519176
2026-02-21 11:52:10.156,+02.519176
2026-02-21 11:52:10.956,+02.519176
2026-02-21 11:52:11.755,+02.519182
2026-02-21 11:52:12.554,+02.519179
2026-02-21 11:52:13.354,+02.519182
2026-02-21 11:52:14.154,+02.519179
2026-02-21 11:52:14.954,+02.519190
2026-02-21 11:52:15.753,+02.519182
2026-02-21 11:52:16.552,+02.519190
2026-02-21 11:52:17.352,+02.519187
2026-02-21 11:52:18.151,+02.519190
2026-02-21 11:52:18.951,+02.519185
2026-02-21 11:52:19.760,+02.519190
2026-02-21 11:52:20.560,+02.519196
2026-02-21 11:52:21.360,+02.519179
2026-02-21 11:52:22.160,+02.519182
2026-02-21 11:52:22.959,+02.519185
2026-02-21 11:52:23.758,+02.519187
2026-02-21 11:52:24.557,+02.519187
2026-02-21 11:52:25.357,+02.519176
2026-02-21 11:52:26.156,+02.519185
2026-02-21 11:52:26.956,+02.519182
2026-02-21 11:52:27.755,+02.519185
2026-02-21 11:52:28.555,+02.519182
2026-02-21 11:52:29.354,+02.519182
2026-02-21 11:52:30.154,+02.519179
2026-02-21 11:52:30.953,+02.519179
2026-02-21 11:52:31.753,+02.519182
2026-02-21 11:52:32.552,+02.519179
2026-02-21 11:52:33.352,+02.519176
2026-02-21 11:52:34.151,+02.519176
2026-02-21 11:52:34.951,+02.519185
2026-02-21 11:52:35.750,+02.519185
2026-02-21 11:52:36.560,+02.519179
2026-02-21 11:52:37.360,+02.519182
2026-02-21 11:52:38.159,+02.519179
2026-02-21 11:52:38.958,+02.519185
2026-02-21 11:52:39.757,+02.519176
2026-02-21 11:52:40.557,+02.519185
2026-02-21 11:52:41.357,+02.519193
2026-02-21 11:52:42.157,+02.519182
2026-02-21 11:52:42.955,+02.519185
2026-02-21 11:52:43.756,+02.519182
2026-02-21 11:52:44.555,+02.519182
2026-02-21 11:52:45.355,+02.519179
2026-02-21 11:52:46.154,+02.519179
2026-02-21 11:52:46.953,+02.519182
2026-02-21 11:52:47.753,+02.519185
2026-02-21 11:52:48.552,+02.519179
2026-02-21 11:52:49.352,+02.519179
2026-02-21 11:52:50.151,+02.519179
2026-02-21 11:52:50.951,+02.519182
2026-02-21 11:52:51.750,+02.519176
2026-02-21 11:52:52.550,+02.519185
2026-02-21 11:52:53.349,+02.519182
2026-02-21 11:52:54.159,+02.519185
2026-02-21 11:52:54.959,+02.519190
2026-02-21 11:52:55.758,+02.519179
2026-02-21 11:52:56.558,+02.519182
2026-02-21 11:52:57.357,+02.519179
2026-02-21 11:52:58.156,+02.519185
2026-02-21 11:52:58.956,+02.519187
2026-02-21 11:52:59.756,+02.519179
2026-02-21 11:53:00.555,+02.519187
2026-02-21 11:53:01.355,+02.519190
2026-02-21 11:53:02.154,+02.519182
2026-02-21 11:53:02.953,+02.519185
2026-02-21 11:53:03.753,+02.519187
2026-02-21 11:53:04.552,+02.519193
2026-02-21 11:53:05.351,+02.519190
2026-02-21 11:53:06.152,+02.519190
2026-02-21 11:53:06.951,+02.519185
2026-02-21 11:53:07.751,+02.519182
2026-02-21 11:53:08.549,+02.519185
2026-02-21 11:53:09.350,+02.519190
2026-02-21 11:53:10.149,+02.519190
2026-02-21 11:53:10.959,+02.519185
2026-02-21 11:53:11.758,+02.519182
2026-02-21 11:53:12.558,+02.519185
2026-02-21 11:53:13.357,+02.519176
2026-02-21 11:53:14.157,+02.519182
2026-02-21 11:53:14.955,+02.519179
2026-02-21 11:53:15.755,+02.519187
2026-02-21 11:53:16.555,+02.519187
2026-02-21 11:53:17.354,+02.519190
2026-02-21 11:53:18.154,+02.519182
2026-02-21 11:53:18.953,+02.519187
2026-02-21 11:53:19.754,+02.519176
2026-02-21 11:53:20.552,+02.519179
2026-02-21 11:53:21.352,+02.519176
2026-02-21 11:53:22.151,+02.519176
2026-02-21 11:53:22.951,+02.519173
2026-02-21 11:53:23.751,+02.519179
2026-02-21 11:53:24.550,+02.519182
2026-02-21 11:53:25.349,+02.519182
2026-02-21 11:53:26.149,+02.519179
2026-02-21 11:53:26.948,+02.519179
2026-02-21 11:53:27.747,+02.519182
2026-02-21 11:53:28.558,+02.519179
2026-02-21 11:53:29.358,+02.519176
2026-02-21 11:53:30.156,+02.519179
2026-02-21 11:53:30.956,+02.519179
2026-02-21 11:53:31.756,+02.519176
2026-02-21 11:53:32.555,+02.519182
2026-02-21 11:53:33.355,+02.519179
2026-02-21 11:53:34.153,+02.519185
2026-02-21 11:53:34.953,+02.519176
2026-02-21 11:53:35.753,+02.519185
2026-02-21 11:53:36.552,+02.519182
2026-02-21 11:53:37.352,+02.519185
2026-02-21 11:53:38.151,+02.519193
2026-02-21 11:53:38.951,+02.519182
2026-02-21 11:53:39.750,+02.519182
2026-02-21 11:53:40.550,+02.519179
2026-02-21 11:53:41.350,+02.519176
2026-02-21 11:53:42.149,+02.519179
2026-02-21 11:53:42.948,+02.519179
2026-02-21 11:53:43.748,+02.519179
2026-02-21 11:53:44.548,+02.519185
2026-02-21 11:53:45.347,+02.519179
2026-02-21 11:53:46.156,+02.519179
2026-02-21 11:53:46.956,+02.519185
2026-02-21 11:53:47.756,+02.519185
2026-02-21 11:53:48.555,+02.519179
2026-02-21 11:53:49.355,+02.519179
2026-02-21 11:53:50.154,+02.519179
2026-02-21 11:53:50.954,+02.519182
2026-02-21 11:53:51.753,+02.519179
2026-02-21 11:53:52.554,+02.519179
2026-02-21 11:53:53.352,+02.519187
2026-02-21 11:53:54.152,+02.519187
2026-02-21 11:53:54.951,+02.519185
2026-02-21 11:53:55.751,+02.519185
2026-02-21 11:53:56.550,+02.519182
2026-02-21 11:53:57.350,+02.519182
2026-02-21 11:53:58.149,+02.519176
2026-02-21 11:53:58.948,+02.519187
2026-02-21 11:53:59.747,+02.519179
2026-02-21 11:54:00.548,+02.519182
2026-02-21 11:54:01.346,+02.519182
2026-02-21 11:54:02.147,+02.519182
2026-02-21 11:54:02.956,+02.519179
2026-02-21 11:54:03.756,+02.519182
2026-02-21 11:54:04.555,+02.519182
2026-02-21 11:54:05.355,+02.519176
2026-02-21 11:54:06.154,+02.519179
2026-02-21 11:54:06.954,+02.519182
2026-02-21 11:54:07.753,+02.519179
2026-02-21 11:54:08.553,+02.519185
2026-02-21 11:54:09.352,+02.519182
2026-02-21 11:54:10.151,+02.519185
2026-02-21 11:54:10.951,+02.519187
2026-02-21 11:54:11.750,+02.519182
2026-02-21 11:54:12.550,+02.519187
2026-02-21 11:54:13.349,+02.519187
2026-02-21 11:54:14.149,+02.519182
2026-02-21 11:54:14.948,+02.519185
2026-02-21 11:54:15.748,+02.519182
2026-02-21 11:54:16.548,+02.519185
2026-02-21 11:54:17.347,+02.519187
2026-02-21 11:54:18.146,+02.519185
2026-02-21 11:54:18.946,+02.519179
2026-02-21 11:54:19.756,+02.519179
2026-02-21 11:54:20.555,+02.519179
2026-02-21 11:54:21.355,+02.519187
2026-02-21 11:54:22.155,+02.519187
2026-02-21 11:54:22.953,+02.519179
2026-02-21 11:54:23.754,+02.519182
2026-02-21 11:54:24.553,+02.519187
2026-02-21 11:54:25.352,+02.519187
2026-02-21 11:54:26.151,+02.519179
2026-02-21 11:54:26.952,+02.519187
2026-02-21 11:54:27.751,+02.519182
2026-02-21 11:54:28.551,+02.519182
2026-02-21 11:54:29.350,+02.519185
2026-02-21 11:54:30.149,+02.519187
2026-02-21 11:54:30.949,+02.519187
2026-02-21 11:54:31.748,+02.519185
2026-02-21 11:54:32.548,+02.519182
2026-02-21 11:54:33.347,+02.519182
2026-02-21 11:54:34.146,+02.519187
2026-02-21 11:54:34.946,+02.519182
2026-02-21 11:54:35.746,+02.519185
2026-02-21 11:54:36.545,+02.519182
2026-02-21 11:54:37.355,+02.519182
2026-02-21 11:54:38.155,+02.519179
2026-02-21 11:54:38.954,+02.519179
2026-02-21 11:54:39.753,+02.519173
2026-02-21 11:54:40.552,+02.519179
2026-02-21 11:54:41.352,+02.519193
2026-02-21 11:54:42.151,+02.519182
2026-02-21 11:54:42.951,+02.519179
2026-02-21 11:54:43.751,+02.519179
2026-02-21 11:54:44.550,+02.519185
2026-02-21 11:54:45.349,+02.519187
2026-02-21 11:54:46.149,+02.519182
2026-02-21 11:54:46.948,+02.519176
2026-02-21 11:54:47.748,+02.519179
2026-02-21 11:54:48.547,+02.519185
2026-02-21 11:54:49.347,+02.519187
2026-02-21 11:54:50.146,+02.519182
2026-02-21 11:54:50.946,+02.519185
2026-02-21 11:54:51.745,+02.519190
2026-02-21 11:54:52.545,+02.519182
2026-02-21 11:54:53.345,+02.519179
2026-02-21 11:54:54.154,+02.519182
2026-02-21 11:54:54.954,+02.519190
2026-02-21 11:54:55.753,+02.519190
2026-02-21 11:54:56.553,+02.519185
2026-02-21 11:54:57.352,+02.519187
2026-02-21 11:54:58.152,+02.519182
2026-02-21 11:54:58.951,+02.519190
2026-02-21 11:54:59.750,+02.519182
2026-02-21 11:55:00.550,+02.519182
2026-02-21 11:55:01.350,+02.519185
2026-02-21 11:55:02.149,+02.519179
2026-02-21 11:55:02.949,+02.519182
2026-02-21 11:55:03.749,+02.519187
2026-02-21 11:55:04.548,+02.519182
2026-02-21 11:55:05.347,+02.519185
2026-02-21 11:55:06.147,+02.519176
2026-02-21 11:55:06.946,+02.519179
2026-02-21 11:55:07.746,+02.519182
2026-02-21 11:55:08.545,+02.519185
2026-02-21 11:55:09.344,+02.519179
2026-02-21 11:55:10.144,+02.519185
2026-02-21 11:55:10.943,+02.519182
2026-02-21 11:55:11.753,+02.519182
2026-02-21 11:55:12.553,+02.519182
2026-02-21 11:55:13.352,+02.519185
2026-02-21 11:55:14.152,+02.519179
2026-02-21 11:55:14.951,+02.519182
2026-02-21 11:55:15.751,+02.519182
2026-02-21 11:55:16.550,+02.519187
2026-02-21 11:55:17.349,+02.519187
2026-02-21 11:55:18.149,+02.519187
2026-02-21 11:55:18.949,+02.519187
2026-02-21 11:55:19.748,+02.519187
2026-02-21 11:55:20.548,+02.519187
2026-02-21 11:55:21.347,+02.519190
2026-02-21 11:55:22.147,+02.519187
2026-02-21 11:55:22.946,+02.519179
2026-02-21 11:55:23.746,+02.519182
2026-02-21 11:55:24.544,+02.519179
2026-02-21 11:55:25.345,+02.519179
2026-02-21 11:55:26.144,+02.519182
2026-02-21 11:55:26.943,+02.519185
2026-02-21 11:55:27.743,+02.519179
2026-02-21 11:55:28.552,+02.519185
2026-02-21 11:55:29.353,+02.519185
2026-02-21 11:55:30.152,+02.519187
2026-02-21 11:55:30.952,+02.519182
2026-02-21 11:55:31.751,+02.519182
2026-02-21 11:55:32.551,+02.519185
2026-02-21 11:55:33.350,+02.519182
2026-02-21 11:55:34.149,+02.519187
2026-02-21 11:55:34.949,+02.519187
2026-02-21 11:55:35.748,+02.519182
2026-02-21 11:55:36.548,+02.519182
2026-02-21 11:55:37.348,+02.519182
2026-02-21 11:55:38.146,+02.519179
2026-02-21 11:55:38.946,+02.519187
2026-02-21 11:55:39.745,+02.519182
2026-02-21 11:55:40.545,+02.519185
2026-02-21 11:55:41.344,+02.519185
2026-02-21 11:55:42.145,+02.519182
2026-02-21 11:55:42.944,+02.519187
2026-02-21 11:55:43.744,+02.519187
2026-02-21 11:55:44.542,+02.519182
2026-02-21 11:55:45.342,+02.519190
2026-02-21 11:55:46.151,+02.519190
2026-02-21 11:55:46.951,+02.519182
2026-02-21 11:55:47.750,+02.519185
2026-02-21 11:55:48.550,+02.519179
2026-02-21 11:55:49.350,+02.519182
2026-02-21 11:55:50.149,+02.519179
2026-02-21 11:55:50.949,+02.519182
2026-02-21 11:55:51.748,+02.519179
2026-02-21 11:55:52.547,+02.519182
2026-02-21 11:55:53.347,+02.519182
2026-02-21 11:55:54.147,+02.519187
2026-02-21 11:55:54.946,+02.519182
2026-02-21 11:55:55.746,+02.519190
2026-02-21 11:55:56.545,+02.519182
2026-02-21 11:55:57.345,+02.519182
2026-02-21 11:55:58.144,+02.519185
2026-02-21 11:55:58.944,+02.519187
2026-02-21 11:55:59.743,+02.519179
2026-02-21 11:56:00.542,+02.519179
2026-02-21 11:56:01.342,+02.519176
2026-02-21 11:56:02.141,+02.519182
2026-02-21 11:56:02.951,+02.519173
2026-02-21 11:56:03.751,+02.519182
2026-02-21 11:56:04.550,+02.519187
2026-02-21 11:56:05.350,+02.519185
2026-02-21 11:56:06.149,+02.519179
2026-02-21 11:56:06.949,+02.519182
2026-02-21 11:56:07.748,+02.519179
2026-02-21 11:56:08.547,+02.519179
2026-02-21 11:56:09.347,+02.519179
2026-02-21 11:56:10.146,+02.519176
2026-02-21 11:56:10.946,+02.519185
2026-02-21 11:56:11.746,+02.519182
2026-02-21 11:56:12.545,+02.519182
2026-02-21 11:56:13.345,+02.519179
2026-02-21 11:56:14.144,+02.519176
2026-02-21 11:56:14.944,+02.519179
2026-02-21 11:56:15.743,+02.519176
2026-02-21 11:56:16.542,+02.519179
2026-02-21 11:56:17.342,+02.519182
2026-02-21 11:56:18.142,+02.519185
2026-02-21 11:56:18.941,+02.519179
2026-02-21 11:56:19.741,+02.519185
2026-02-21 11:56:20.550,+02.519176
2026-02-21 11:56:21.350,+02.519176
2026-02-21 11:56:22.149,+02.519179
2026-02-21 11:56:22.949,+02.519182
2026-02-21 11:56:23.748,+02.519179
2026-02-21 11:56:24.548,+02.519176
2026-02-21 11:56:25.347,+02.519179
2026-02-21 11:56:26.147,+02.519173
2026-02-21 11:56:26.946,+02.519170
2026-02-21 11:56:27.746,+02.519179
2026-02-21 11:56:28.545,+02.519179
2026-02-21 11:56:29.345,+02.519176
2026-02-21 11:56:30.144,+02.519173
2026-02-21 11:56:30.944,+02.519179
2026-02-21 11:56:31.743,+02.519179
2026-02-21 11:56:32.543,+02.519173
2026-02-21 11:56:33.342,+02.519179
2026-02-21 11:56:34.141,+02.519173
2026-02-21 11:56:34.941,+02.519176
2026-02-21 11:56:35.741,+02.519173
2026-02-21 11:56:36.540,+02.519176
2026-02-21 11:56:37.349,+02.519176
2026-02-21 11:56:38.150,+02.519173
2026-02-21 11:56:38.949,+02.519179
2026-02-21 11:56:39.748,+02.519179
2026-02-21 11:56:40.548,+02.519179
2026-02-21 11:56:41.347,+02.519176
2026-02-21 11:56:42.147,+02.519182
2026-02-21 11:56:42.947,+02.519170
2026-02-21 11:56:43.746,+02.519182
2026-02-21 11:56:44.545,+02.519179
2026-02-21 11:56:45.345,+02.519179
2026-02-21 11:56:46.144,+02.519185
2026-02-21 11:56:46.944,+02.519182
2026-02-21 11:56:47.744,+02.519182
2026-02-21 11:56:48.543,+02.519187
2026-02-21 11:56:49.342,+02.519179
2026-02-21 11:56:50.142,+02.519176
2026-02-21 11:56:50.941,+02.519179
2026-02-21 11:56:51.740,+02.519170
2026-02-21 11:56:52.539,+02.519182
2026-02-21 11:56:53.339,+02.519182
2026-02-21 11:56:54.138,+02.519179
2026-02-21 11:56:54.949,+02.519179
2026-02-21 11:56:55.748,+02.519182
2026-02-21 11:56:56.548,+02.519182
2026-02-21 11:56:57.347,+02.519182
2026-02-21 11:56:58.147,+02.519185
2026-02-21 11:56:58.947,+02.519190
2026-02-21 11:56:59.746,+02.519185
2026-02-21 11:57:00.545,+02.519179
2026-02-21 11:57:01.345,+02.519190
2026-02-21 11:57:02.144,+02.519182
2026-02-21 11:57:02.944,+02.519185
2026-02-21 11:57:03.743,+02.519187
2026-02-21 11:57:04.543,+02.519185
2026-02-21 11:57:05.342,+02.519182
2026-02-21 11:57:06.141,+02.519185
2026-02-21 11:57:06.941,+02.519190
2026-02-21 11:57:07.740,+02.519179
2026-02-21 11:57:08.540,+02.519182
2026-02-21 11:57:09.339,+02.519185
2026-02-21 11:57:10.139,+02.519179
2026-02-21 11:57:10.939,+02.519182
2026-02-21 11:57:11.749,+02.519182
2026-02-21 11:57:12.548,+02.519187
2026-02-21 11:57:13.347,+02.519182
2026-02-21 11:57:14.147,+02.519182
2026-02-21 11:57:14.946,+02.519182
2026-02-21 11:57:15.746,+02.519182
2026-02-21 11:57:16.545,+02.519185
2026-02-21 11:57:17.345,+02.519182
2026-02-21 11:57:18.144,+02.519185
2026-02-21 11:57:18.944,+02.519176
2026-02-21 11:57:19.743,+02.519182
2026-02-21 11:57:20.543,+02.519190
2026-02-21 11:57:21.342,+02.519182
2026-02-21 11:57:22.142,+02.519179
2026-02-21 11:57:22.941,+02.519182
2026-02-21 11:57:23.741,+02.519185
2026-02-21 11:57:24.539,+02.519187
2026-02-21 11:57:25.340,+02.519187
2026-02-21 11:57:26.139,+02.519185
2026-02-21 11:57:26.939,+02.519187
2026-02-21 11:57:27.738,+02.519185
2026-02-21 11:57:28.538,+02.519187
2026-02-21 11:57:29.347,+02.519187
2026-02-21 11:57:30.147,+02.519190
2026-02-21 11:57:30.946,+02.519190
2026-02-21 11:57:31.746,+02.519187
2026-02-21 11:57:32.545,+02.519179
2026-02-21 11:57:33.345,+02.519187
2026-02-21 11:57:34.145,+02.519187
2026-02-21 11:57:34.944,+02.519179
2026-02-21 11:57:35.744,+02.519185
2026-02-21 11:57:36.543,+02.519182
2026-02-21 11:57:37.342,+02.519182
2026-02-21 11:57:38.141,+02.519185
2026-02-21 11:57:38.942,+02.519182
2026-02-21 11:57:39.741,+02.519179
2026-02-21 11:57:40.540,+02.519185
2026-02-21 11:57:41.340,+02.519185
2026-02-21 11:57:42.139,+02.519187
2026-02-21 11:57:42.939,+02.519190
2026-02-21 11:57:43.738,+02.519185
2026-02-21 11:57:44.538,+02.519185
2026-02-21 11:57:45.338,+02.519185
2026-02-21 11:57:46.147,+02.519190
2026-02-21 11:57:46.946,+02.519193
2026-02-21 11:57:47.746,+02.519187
2026-02-21 11:57:48.546,+02.519196
2026-02-21 11:57:49.345,+02.519185
2026-02-21 11:57:50.145,+02.519182
2026-02-21 11:57:50.944,+02.519187
2026-02-21 11:57:51.744,+02.519182
2026-02-21 11:57:52.543,+02.519187
2026-02-21 11:57:53.342,+02.519185
2026-02-21 11:57:54.142,+02.519190
2026-02-21 11:57:54.941,+02.519187
2026-02-21 11:57:55.741,+02.519187
2026-02-21 11:57:56.540,+02.519187
2026-02-21 11:57:57.340,+02.519182
2026-02-21 11:57:58.139,+02.519187
2026-02-21 11:57:58.939,+02.519187
2026-02-21 11:57:59.739,+02.519185
2026-02-21 11:58:00.538,+02.519187
2026-02-21 11:58:01.337,+02.519182
2026-02-21 11:58:02.136,+02.519185
2026-02-21 11:58:02.936,+02.519190
2026-02-21 11:58:03.746,+02.519185
2026-02-21 11:58:04.546,+02.519187
2026-02-21 11:58:05.345,+02.519187
2026-02-21 11:58:06.144,+02.519193
2026-02-21 11:58:06.943,+02.519190
2026-02-21 11:58:07.744,+02.519190
2026-02-21 11:58:08.542,+02.519182
2026-02-21 11:58:09.343,+02.519182
2026-02-21 11:58:10.142,+02.519185
2026-02-21 11:58:10.941,+02.519187
2026-02-21 11:58:11.741,+02.519185
2026-02-21 11:58:12.540,+02.519182
2026-02-21 11:58:13.340,+02.519182
2026-02-21 11:58:14.139,+02.519182
2026-02-21 11:58:14.939,+02.519179
2026-02-21 11:58:15.738,+02.519182
2026-02-21 11:58:16.538,+02.519182
2026-02-21 11:58:17.337,+02.519185
2026-02-21 11:58:18.137,+02.519185
2026-02-21 11:58:18.936,+02.519185
2026-02-21 11:58:19.736,+02.519187
2026-02-21 11:58:20.545,+02.519187
2026-02-21 11:58:21.345,+02.519176
2026-02-21 11:58:22.144,+02.519179
2026-02-21 11:58:22.944,+02.519182
2026-02-21 11:58:23.743,+02.519179
2026-02-21 11:58:24.543,+02.519179
2026-02-21 11:58:25.342,+02.519185
2026-02-21 11:58:26.142,+02.519179
2026-02-21 11:58:26.941,+02.519179
2026-02-21 11:58:27.741,+02.519176
2026-02-21 11:58:28.541,+02.519179
2026-02-21 11:58:29.339,+02.519179
2026-02-21 11:58:30.140,+02.519173
2026-02-21 11:58:30.939,+02.519182
2026-02-21 11:58:31.738,+02.519185
2026-02-21 11:58:32.538,+02.519182
2026-02-21 11:58:33.337,+02.519179
2026-02-21 11:58:34.136,+02.519182
2026-02-21 11:58:34.935,+02.519179
2026-02-21 11:58:35.736,+02.519179
2026-02-21 11:58:36.535,+02.519173
2026-02-21 11:58:37.334,+02.519182
2026-02-21 11:58:38.145,+02.519182
2026-02-21 11:58:38.944,+02.519182
2026-02-21 11:58:39.743,+02.519190
2026-02-21 11:58:40.543,+02.519187
2026-02-21 11:58:41.343,+02.519179
2026-02-21 11:58:42.142,+02.519187
2026-02-21 11:58:42.941,+02.519182
2026-02-21 11:58:43.741,+02.519179
2026-02-21 11:58:44.541,+02.519190
2026-02-21 11:58:45.340,+02.519185
2026-02-21 11:58:46.139,+02.519182
2026-02-21 11:58:46.939,+02.519182
2026-02-21 11:58:47.738,+02.519182
2026-02-21 11:58:48.538,+02.519182
2026-02-21 11:58:49.337,+02.519182
2026-02-21 11:58:50.137,+02.519182
2026-02-21 11:58:50.937,+02.519187
2026-02-21 11:58:51.736,+02.519187
2026-02-21 11:58:52.536,+02.519182
2026-02-21 11:58:53.335,+02.519182
2026-02-21 11:58:54.135,+02.519179
2026-02-21 11:58:54.944,+02.519176
2026-02-21 11:58:55.744,+02.519185
2026-02-21 11:58:56.543,+02.519182
2026-02-21 11:58:57.343,+02.519185
2026-02-21 11:58:58.142,+02.519182
2026-02-21 11:58:58.942,+02.519182
2026-02-21 11:58:59.740,+02.519179
2026-02-21 11:59:00.540,+02.519190
2026-02-21 11:59:01.340,+02.519182
2026-02-21 11:59:02.140,+02.519182
2026-02-21 11:59:02.939,+02.519187
2026-02-21 11:59:03.738,+02.519185
2026-02-21 11:59:04.538,+02.519187
2026-02-21 11:59:05.338,+02.519182
2026-02-21 11:59:06.137,+02.519185
2026-02-21 11:59:06.937,+02.519187
2026-02-21 11:59:07.736,+02.519187
2026-02-21 11:59:08.535,+02.519190
2026-02-21 11:59:09.335,+02.519182
2026-02-21 11:59:10.135,+02.519185
2026-02-21 11:59:10.934,+02.519185
2026-02-21 11:59:11.734,+02.519185
2026-02-21 11:59:12.543,+02.519187
2026-02-21 11:59:13.342,+02.519187
2026-02-21 11:59:14.142,+02.519179
2026-02-21 11:59:14.942,+02.519187
2026-02-21 11:59:15.742,+02.519193
2026-02-21 11:59:16.540,+02.519179
2026-02-21 11:59:17.340,+02.519185
2026-02-21 11:59:18.139,+02.519182
2026-02-21 11:59:18.939,+02.519182
2026-02-21 11:59:19.739,+02.519190
2026-02-21 11:59:20.538,+02.519176
2026-02-21 11:59:21.338,+02.519179
2026-02-21 11:59:22.137,+02.519176
2026-02-21 11:59:22.936,+02.519182
2026-02-21 11:59:23.736,+02.519185
2026-02-21 11:59:24.535,+02.519176
2026-02-21 11:59:25.335,+02.519187
2026-02-21 11:59:26.135,+02.519187
2026-02-21 11:59:26.934,+02.519182
2026-02-21 11:59:27.733,+02.519185
2026-02-21 11:59:28.533,+02.519190
2026-02-21 11:59:29.343,+02.519187
2026-02-21 11:59:30.142,+02.519179
2026-02-21 11:59:30.942,+02.519187
2026-02-21 11:59:31.741,+02.519185
2026-02-21 11:59:32.541,+02.519185
2026-02-21 11:59:33.340,+02.519190
2026-02-21 11:59:34.139,+02.519187
2026-02-21 11:59:34.939,+02.519182
2026-02-21 11:59:35.739,+02.519185
2026-02-21 11:59:36.538,+02.519185
2026-02-21 11:59:37.337,+02.519187
2026-02-21 11:59:38.137,+02.519187
2026-02-21 11:59:38.936,+02.519190
2026-02-21 11:59:39.736,+02.519187
2026-02-21 11:59:40.535,+02.519182
2026-02-21 11:59:41.335,+02.519190
2026-02-21 11:59:42.134,+02.519185
2026-02-21 11:59:42.934,+02.519193
2026-02-21 11:59:43.733,+02.519190
2026-02-21 11:59:44.533,+02.519190
2026-02-21 11:59:45.332,+02.519190
2026-02-21 11:59:46.142,+02.519187
2026-02-21 11:59:46.942,+02.519190
2026-02-21 11:59:47.741,+02.519196
2026-02-21 11:59:48.541,+02.519182
2026-02-21 11:59:49.340,+02.519182
2026-02-21 11:59:50.140,+02.519187
2026-02-21 11:59:50.939,+02.519187
2026-02-21 11:59:51.739,+02.519190
2026-02-21 11:59:52.538,+02.519190
2026-02-21 11:59:53.338,+02.519187
2026-02-21 11:59:54.137,+02.519185
2026-02-21 11:59:54.936,+02.519190
2026-02-21 11:59:55.736,+02.519193
2026-02-21 11:59:56.536,+02.519187
2026-02-21 11:59:57.335,+02.519185
2026-02-21 11:59:58.134,+02.519190
2026-02-21 11:59:58.934,+02.519185
2026-02-21 11:59:59.733,+02.519193
2026-02-21 12:00:00.533,+02.519185
2026-02-21 12:00:01.333,+02.519187
2026-02-21 12:00:02.132,+02.519190
2026-02-21 12:00:02.932,+02.519185
2026-02-21 12:00:03.741,+02.519176
2026-02-21 12:00:04.540,+02.519176
2026-02-21 12:00:05.340,+02.519185
2026-02-21 12:00:06.139,+02.519185
2026-02-21 12:00:06.939,+02.519185
2026-02-21 12:00:07.738,+02.519182
2026-02-21 12:00:08.538,+02.519185
2026-02-21 12:00:09.337,+02.519185
2026-02-21 12:00:10.137,+02.519176
2026-02-21 12:00:10.936,+02.519173
2026-02-21 12:00:11.736,+02.519182
2026-02-21 12:00:12.536,+02.519176
2026-02-21 12:00:13.335,+02.519182
2026-02-21 12:00:14.135,+02.519179
2026-02-21 12:00:14.934,+02.519182
2026-02-21 12:00:15.734,+02.519185
2026-02-21 12:00:16.533,+02.519182
2026-02-21 12:00:17.332,+02.519182
2026-02-21 12:00:18.132,+02.519179
2026-02-21 12:00:18.931,+02.519179
2026-02-21 12:00:19.730,+02.519185
2026-02-21 12:00:20.540,+02.519185
2026-02-21 12:00:21.340,+02.519187
2026-02-21 12:00:22.140,+02.519185
2026-02-21 12:00:22.939,+02.519176
2026-02-21 12:00:23.739,+02.519176
2026-02-21 12:00:24.538,+02.519179
2026-02-21 12:00:25.338,+02.519179
2026-02-21 12:00:26.137,+02.519185
2026-02-21 12:00:26.937,+02.519193
2026-02-21 12:00:27.737,+02.519176
2026-02-21 12:00:28.535,+02.519182
2026-02-21 12:00:29.335,+02.519182
2026-02-21 12:00:30.135,+02.519185
2026-02-21 12:00:30.935,+02.519185
2026-02-21 12:00:31.733,+02.519185
2026-02-21 12:00:32.533,+02.519190
2026-02-21 12:00:33.333,+02.519182
2026-02-21 12:00:34.132,+02.519185
2026-02-21 12:00:34.931,+02.519179
2026-02-21 12:00:35.731,+02.519182
2026-02-21 12:00:36.530,+02.519187
2026-02-21 12:00:37.330,+02.519176
2026-02-21 12:00:38.139,+02.519182
2026-02-21 12:00:38.939,+02.519185
2026-02-21 12:00:39.739,+02.519185
2026-02-21 12:00:40.538,+02.519179
2026-02-21 12:00:41.338,+02.519182
2026-02-21 12:00:42.137,+02.519182
2026-02-21 12:00:42.936,+02.519182
2026-02-21 12:00:43.736,+02.519185
2026-02-21 12:00:44.536,+02.519176
2026-02-21 12:00:45.335,+02.519185
2026-02-21 12:00:46.135,+02.519176
2026-02-21 12:00:46.934,+02.519182
2026-02-21 12:00:47.734,+02.519182
2026-02-21 12:00:48.533,+02.519187
2026-02-21 12:00:49.333,+02.519173
2026-02-21 12:00:50.132,+02.519179
2026-02-21 12:00:50.931,+02.519176
2026-02-21 12:00:51.731,+02.519185
2026-02-21 12:00:52.531,+02.519173
2026-02-21 12:00:53.330,+02.519185
2026-02-21 12:00:54.129,+02.519179
2026-02-21 12:00:54.939,+02.519185
2026-02-21 12:00:55.739,+02.519185
2026-02-21 12:00:56.538,+02.519185
2026-02-21 12:00:57.338,+02.519185
2026-02-21 12:00:58.137,+02.519193
2026-02-21 12:00:58.936,+02.519187
2026-02-21 12:00:59.736,+02.519187
2026-02-21 12:01:00.536,+02.519182
2026-02-21 12:01:01.335,+02.519185
2026-02-21 12:01:02.134,+02.519190
2026-02-21 12:01:02.934,+02.519187
2026-02-21 12:01:03.733,+02.519187
2026-02-21 12:01:04.533,+02.519182
2026-02-21 12:01:05.332,+02.519196
2026-02-21 12:01:06.132,+02.519179
2026-02-21 12:01:06.932,+02.519185
2026-02-21 12:01:07.731,+02.519179
2026-02-21 12:01:08.531,+02.519179
2026-02-21 12:01:09.330,+02.519185
2026-02-21 12:01:10.130,+02.519182
2026-02-21 12:01:10.929,+02.519182
2026-02-21 12:01:11.728,+02.519185
2026-02-21 12:01:12.539,+02.519185
2026-02-21 12:01:13.337,+02.519185
2026-02-21 12:01:14.137,+02.519187
2026-02-21 12:01:14.937,+02.519185
2026-02-21 12:01:15.736,+02.519187
2026-02-21 12:01:16.536,+02.519187
2026-02-21 12:01:17.335,+02.519179
2026-02-21 12:01:18.135,+02.519185
2026-02-21 12:01:18.934,+02.519185
2026-02-21 12:01:19.734,+02.519190
2026-02-21 12:01:20.532,+02.519185
2026-02-21 12:01:21.332,+02.519190
2026-02-21 12:01:22.132,+02.519185
2026-02-21 12:01:22.932,+02.519187
2026-02-21 12:01:23.731,+02.519185
2026-02-21 12:01:24.531,+02.519187
2026-02-21 12:01:25.330,+02.519187
2026-02-21 12:01:26.129,+02.519187
2026-02-21 12:01:26.929,+02.519179
2026-02-21 12:01:27.729,+02.519190
2026-02-21 12:01:28.528,+02.519182
2026-02-21 12:01:29.338,+02.519185
2026-02-21 12:01:30.137,+02.519190
2026-02-21 12:01:30.937,+02.519185
2026-02-21 12:01:31.736,+02.519185
2026-02-21 12:01:32.535,+02.519185
2026-02-21 12:01:33.335,+02.519179
2026-02-21 12:01:34.134,+02.519182
2026-02-21 12:01:34.934,+02.519185
2026-02-21 12:01:35.733,+02.519179
2026-02-21 12:01:36.534,+02.519190
2026-02-21 12:01:37.332,+02.519187
2026-02-21 12:01:38.132,+02.519196
2026-02-21 12:01:38.931,+02.519182
2026-02-21 12:01:39.732,+02.519190
2026-02-21 12:01:40.530,+02.519187
2026-02-21 12:01:41.330,+02.519187
2026-02-21 12:01:42.130,+02.519185
2026-02-21 12:01:42.929,+02.519185
2026-02-21 12:01:43.728,+02.519193
2026-02-21 12:01:44.528,+02.519190
2026-02-21 12:01:45.327,+02.519187
2026-02-21 12:01:46.127,+02.519187
2026-02-21 12:01:46.937,+02.519187
2026-02-21 12:01:47.736,+02.519196
2026-02-21 12:01:48.536,+02.519187
2026-02-21 12:01:49.335,+02.519187
2026-02-21 12:01:50.135,+02.519190
2026-02-21 12:01:50.934,+02.519190
2026-02-21 12:01:51.734,+02.519187
2026-02-21 12:01:52.533,+02.519187
2026-02-21 12:01:53.332,+02.519190
2026-02-21 12:01:54.132,+02.519196
2026-02-21 12:01:54.932,+02.519187
2026-02-21 12:01:55.731,+02.519182
2026-02-21 12:01:56.531,+02.519199
2026-02-21 12:01:57.330,+02.519187
2026-02-21 12:01:58.130,+02.519190
2026-02-21 12:01:58.929,+02.519190
2026-02-21 12:01:59.728,+02.519190
2026-02-21 12:02:00.528,+02.519185
2026-02-21 12:02:01.327,+02.519187
2026-02-21 12:02:02.127,+02.519182
2026-02-21 12:02:02.926,+02.519182
2026-02-21 12:02:03.736,+02.519185
2026-02-21 12:02:04.535,+02.519182
2026-02-21 12:02:05.335,+02.519179
2026-02-21 12:02:06.135,+02.519187
2026-02-21 12:02:06.934,+02.519185
2026-02-21 12:02:07.734,+02.519185
2026-02-21 12:02:08.533,+02.519187
2026-02-21 12:02:09.333,+02.519185
2026-02-21 12:02:10.132,+02.519187
2026-02-21 12:02:10.932,+02.519187
2026-02-21 12:02:11.731,+02.519185
2026-02-21 12:02:12.531,+02.519182
2026-02-21 12:02:13.330,+02.519185
2026-02-21 12:02:14.129,+02.519185
2026-02-21 12:02:14.929,+02.519185
2026-02-21 12:02:15.729,+02.519182
2026-02-21 12:02:16.528,+02.519187
2026-02-21 12:02:17.328,+02.519185
2026-02-21 12:02:18.126,+02.519179
2026-02-21 12:02:18.927,+02.519185
2026-02-21 12:02:19.726,+02.519182
2026-02-21 12:02:20.525,+02.519187
2026-02-21 12:02:21.335,+02.519182
2026-02-21 12:02:22.135,+02.519185
2026-02-21 12:02:22.934,+02.519190
2026-02-21 12:02:23.734,+02.519182
2026-02-21 12:02:24.533,+02.519187
2026-02-21 12:02:25.333,+02.519185
2026-02-21 12:02:26.132,+02.519185
2026-02-21 12:02:26.932,+02.519179
2026-02-21 12:02:27.732,+02.519179
2026-02-21 12:02:28.531,+02.519185
2026-02-21 12:02:29.330,+02.519185
2026-02-21 12:02:30.129,+02.519185
2026-02-21 12:02:30.930,+02.519187
2026-02-21 12:02:31.728,+02.519185
2026-02-21 12:02:32.529,+02.519185
2026-02-21 12:02:33.327,+02.519190
2026-02-21 12:02:34.127,+02.519187
2026-02-21 12:02:34.927,+02.519187
2026-02-21 12:02:35.726,+02.519187
2026-02-21 12:02:36.526,+02.519190
2026-02-21 12:02:37.325,+02.519185
2026-02-21 12:02:38.135,+02.519190
2026-02-21 12:02:38.934,+02.519185
2026-02-21 12:02:39.734,+02.519187
2026-02-21 12:02:40.533,+02.519182
2026-02-21 12:02:41.333,+02.519190
2026-02-21 12:02:42.133,+02.519187
2026-02-21 12:02:42.932,+02.519193
2026-02-21 12:02:43.731,+02.519187
2026-02-21 12:02:44.531,+02.519187
2026-02-21 12:02:45.330,+02.519187
2026-02-21 12:02:46.130,+02.519196
2026-02-21 12:02:46.929,+02.519190
2026-02-21 12:02:47.729,+02.519185
2026-02-21 12:02:48.528,+02.519190
2026-02-21 12:02:49.328,+02.519182
2026-02-21 12:02:50.127,+02.519187
2026-02-21 12:02:50.926,+02.519182
2026-02-21 12:02:51.726,+02.519185
2026-02-21 12:02:52.526,+02.519179
2026-02-21 12:02:53.326,+02.519187
2026-02-21 12:02:54.124,+02.519187
2026-02-21 12:02:54.924,+02.519187
2026-02-21 12:02:55.734,+02.519187
2026-02-21 12:02:56.533,+02.519187
2026-02-21 12:02:57.332,+02.519187
2026-02-21 12:02:58.132,+02.519185
2026-02-21 12:02:58.932,+02.519190
2026-02-21 12:02:59.731,+02.519187
2026-02-21 12:03:00.531,+02.519187
2026-02-21 12:03:01.330,+02.519190
2026-02-21 12:03:02.130,+02.519187
2026-02-21 12:03:02.930,+02.519190
2026-02-21 12:03:03.729,+02.519187
2026-02-21 12:03:04.528,+02.519185
2026-02-21 12:03:05.328,+02.519185
2026-02-21 12:03:06.127,+02.519185
2026-02-21 12:03:06.927,+02.519182
2026-02-21 12:03:07.726,+02.519179
2026-02-21 12:03:08.526,+02.519182
2026-02-21 12:03:09.325,+02.519187
2026-02-21 12:03:10.125,+02.519185
2026-02-21 12:03:10.925,+02.519185
2026-02-21 12:03:11.723,+02.519187
2026-02-21 12:03:12.533,+02.519187
2026-02-21 12:03:13.333,+02.519182
2026-02-21 12:03:14.133,+02.519179
2026-02-21 12:03:14.932,+02.519185
2026-02-21 12:03:15.731,+02.519187
2026-02-21 12:03:16.531,+02.519185
2026-02-21 12:03:17.331,+02.519185
2026-02-21 12:03:18.130,+02.519187
2026-02-21 12:03:18.929,+02.519196
2026-02-21 12:03:19.729,+02.519187
2026-02-21 12:03:20.529,+02.519185
2026-02-21 12:03:21.328,+02.519182
2026-02-21 12:03:22.127,+02.519182
2026-02-21 12:03:22.926,+02.519185
2026-02-21 12:03:23.726,+02.519190
2026-02-21 12:03:24.525,+02.519193
2026-02-21 12:03:25.325,+02.519187
2026-02-21 12:03:26.124,+02.519185
2026-02-21 12:03:26.924,+02.519185
2026-02-21 12:03:27.724,+02.519185
2026-02-21 12:03:28.523,+02.519185
2026-02-21 12:03:29.333,+02.519185
2026-02-21 12:03:30.135,+02.519182
2026-02-21 12:03:30.932,+02.519185
2026-02-21 12:03:31.731,+02.519185
2026-02-21 12:03:32.531,+02.519187
2026-02-21 12:03:33.330,+02.519185
2026-02-21 12:03:34.130,+02.519179
2026-02-21 12:03:34.929,+02.519185
2026-02-21 12:03:35.729,+02.519185
2026-02-21 12:03:36.528,+02.519179
2026-02-21 12:03:37.328,+02.519187
2026-02-21 12:03:38.128,+02.519182
2026-02-21 12:03:38.927,+02.519193
2026-02-21 12:03:39.726,+02.519182
2026-02-21 12:03:40.526,+02.519185
2026-02-21 12:03:41.325,+02.519187
2026-02-21 12:03:42.125,+02.519193
2026-02-21 12:03:42.924,+02.519187
2026-02-21 12:03:43.724,+02.519187
2026-02-21 12:03:44.523,+02.519185
2026-02-21 12:03:45.323,+02.519187
2026-02-21 12:03:46.122,+02.519190
2026-02-21 12:03:46.932,+02.519187
2026-02-21 12:03:47.731,+02.519190
2026-02-21 12:03:48.531,+02.519182
2026-02-21 12:03:49.331,+02.519187
2026-02-21 12:03:50.129,+02.519185
2026-02-21 12:03:50.930,+02.519187
2026-02-21 12:03:51.729,+02.519187
2026-02-21 12:03:52.529,+02.519185
2026-02-21 12:03:53.328,+02.519187
2026-02-21 12:03:54.127,+02.519185
2026-02-21 12:03:54.927,+02.519190
2026-02-21 12:03:55.727,+02.519190
2026-02-21 12:03:56.526,+02.519196
2026-02-21 12:03:57.326,+02.519190
2026-02-21 12:03:58.125,+02.519187
2026-02-21 12:03:58.925,+02.519187
2026-02-21 12:03:59.724,+02.519190
2026-02-21 12:04:00.523,+02.519187
2026-02-21 12:04:01.323,+02.519187
2026-02-21 12:04:02.123,+02.519187
2026-02-21 12:04:02.921,+02.519182
2026-02-21 12:04:03.731,+02.519190
2026-02-21 12:04:04.532,+02.519187
2026-02-21 12:04:05.330,+02.519187
2026-02-21 12:04:06.130,+02.519187
2026-02-21 12:04:06.929,+02.519190
2026-02-21 12:04:07.729,+02.519193
2026-02-21 12:04:08.529,+02.519187
2026-02-21 12:04:09.328,+02.519193
2026-02-21 12:04:10.127,+02.519196
2026-02-21 12:04:10.927,+02.519187
2026-02-21 12:04:11.726,+02.519187
2026-02-21 12:04:12.526,+02.519190
2026-02-21 12:04:13.325,+02.519190
2026-02-21 12:04:14.125,+02.519190
2026-02-21 12:04:14.925,+02.519190
2026-02-21 12:04:15.726,+02.519193
2026-02-21 12:04:16.523,+02.519185
2026-02-21 12:04:17.323,+02.519190
2026-02-21 12:04:18.123,+02.519187
2026-02-21 12:04:18.922,+02.519185
2026-02-21 12:04:19.721,+02.519190
2026-02-21 12:04:20.520,+02.519185
2026-02-21 12:04:21.330,+02.519187
2026-02-21 12:04:22.130,+02.519190
2026-02-21 12:04:22.929,+02.519190
2026-02-21 12:04:23.729,+02.519193
2026-02-21 12:04:24.529,+02.519187
2026-02-21 12:04:25.328,+02.519182
2026-02-21 12:04:26.127,+02.519187
2026-02-21 12:04:26.927,+02.519190
2026-02-21 12:04:27.726,+02.519187
2026-02-21 12:04:28.526,+02.519187
2026-02-21 12:04:29.326,+02.519185
2026-02-21 12:04:30.125,+02.519190
2026-02-21 12:04:30.925,+02.519182
2026-02-21 12:04:31.724,+02.519190
2026-02-21 12:04:32.523,+02.519187
2026-02-21 12:04:33.323,+02.519187
2026-02-21 12:04:34.123,+02.519187
2026-02-21 12:04:34.923,+02.519196
2026-02-21 12:04:35.721,+02.519187
2026-02-21 12:04:36.520,+02.519190
2026-02-21 12:04:37.320,+02.519190
2026-02-21 12:04:38.120,+02.519193
2026-02-21 12:04:38.929,+02.519190
2026-02-21 12:04:39.729,+02.519190
2026-02-21 12:04:40.528,+02.519187
2026-02-21 12:04:41.328,+02.519193
2026-02-21 12:04:42.127,+02.519190
2026-02-21 12:04:42.927,+02.519187
2026-02-21 12:04:43.727,+02.519190
2026-02-21 12:04:44.526,+02.519187
2026-02-21 12:04:45.325,+02.519185
2026-02-21 12:04:46.125,+02.519187
2026-02-21 12:04:46.925,+02.519187
2026-02-21 12:04:47.724,+02.519190
2026-02-21 12:04:48.523,+02.519187
2026-02-21 12:04:49.323,+02.519187
2026-02-21 12:04:50.123,+02.519190
2026-02-21 12:04:50.921,+02.519190
2026-02-21 12:04:51.721,+02.519190
2026-02-21 12:04:52.521,+02.519185
2026-02-21 12:04:53.321,+02.519187
2026-02-21 12:04:54.120,+02.519185
2026-02-21 12:04:54.919,+02.519190
2026-02-21 12:04:55.729,+02.519187
2026-02-21 12:04:56.529,+02.519190
2026-02-21 12:04:57.328,+02.519190
2026-02-21 12:04:58.128,+02.519193
2026-02-21 12:04:58.928,+02.519187
2026-02-21 12:04:59.727,+02.519193
2026-02-21 12:05:00.527,+02.519196
2026-02-21 12:05:01.326,+02.519193
2026-02-21 12:05:02.125,+02.519190
2026-02-21 12:05:02.925,+02.519190
2026-02-21 12:05:03.724,+02.519185
2026-02-21 12:05:04.523,+02.519193
2026-02-21 12:05:05.323,+02.519185
2026-02-21 12:05:06.122,+02.519190
2026-02-21 12:05:06.923,+02.519185
2026-02-21 12:05:07.721,+02.519190
2026-02-21 12:05:08.521,+02.519196
2026-02-21 12:05:09.321,+02.519185
2026-02-21 12:05:10.120,+02.519187
2026-02-21 12:05:10.919,+02.519193
2026-02-21 12:05:11.720,+02.519187
2026-02-21 12:05:12.518,+02.519193
2026-02-21 12:05:13.328,+02.519190
2026-02-21 12:05:14.128,+02.519190
2026-02-21 12:05:14.927,+02.519190
2026-02-21 12:05:15.727,+02.519190
2026-02-21 12:05:16.526,+02.519185
2026-02-21 12:05:17.325,+02.519196
2026-02-21 12:05:18.125,+02.519187
2026-02-21 12:05:18.925,+02.519187
2026-02-21 12:05:19.723,+02.519190
2026-02-21 12:05:20.523,+02.519187
2026-02-21 12:05:21.323,+02.519185
2026-02-21 12:05:22.123,+02.519190
2026-02-21 12:05:22.922,+02.519185
2026-02-21 12:05:23.721,+02.519187
2026-02-21 12:05:24.521,+02.519187
2026-02-21 12:05:25.321,+02.519190
2026-02-21 12:05:26.120,+02.519193
2026-02-21 12:05:26.920,+02.519190
2026-02-21 12:05:27.719,+02.519193
2026-02-21 12:05:28.518,+02.519190
2026-02-21 12:05:29.318,+02.519196
2026-02-21 12:05:30.152,+02.519179
2026-02-21 12:05:30.927,+02.519190
2026-02-21 12:05:31.727,+02.519193
2026-02-21 12:05:32.526,+02.519190
2026-02-21 12:05:33.325,+02.519196
2026-02-21 12:05:34.125,+02.519187
2026-02-21 12:05:34.925,+02.519187
2026-02-21 12:05:35.724,+02.519187
2026-02-21 12:05:36.524,+02.519187
2026-02-21 12:05:37.323,+02.519193
2026-02-21 12:05:38.122,+02.519196
2026-02-21 12:05:38.922,+02.519196
2026-02-21 12:05:39.722,+02.519190
2026-02-21 12:05:40.521,+02.519193
2026-02-21 12:05:41.321,+02.519187
2026-02-21 12:05:42.120,+02.519190
2026-02-21 12:05:42.920,+02.519193
2026-02-21 12:05:43.719,+02.519193
2026-02-21 12:05:44.518,+02.519190
2026-02-21 12:05:45.318,+02.519190
2026-02-21 12:05:46.118,+02.519185
2026-02-21 12:05:46.917,+02.519187
2026-02-21 12:05:47.727,+02.519187
2026-02-21 12:05:48.526,+02.519187
2026-02-21 12:05:49.326,+02.519187
2026-02-21 12:05:50.125,+02.519193
2026-02-21 12:05:50.924,+02.519190
2026-02-21 12:05:51.724,+02.519187
2026-02-21 12:05:52.523,+02.519182
2026-02-21 12:05:53.323,+02.519182
2026-02-21 12:05:54.123,+02.519187
2026-02-21 12:05:54.922,+02.519182
2026-02-21 12:05:55.722,+02.519193
2026-02-21 12:05:56.521,+02.519185
2026-02-21 12:05:57.321,+02.519185
2026-02-21 12:05:58.120,+02.519187
2026-02-21 12:05:58.920,+02.519182
2026-02-21 12:05:59.719,+02.519190
2026-02-21 12:06:00.519,+02.519185
2026-02-21 12:06:01.318,+02.519185
2026-02-21 12:06:02.118,+02.519193
2026-02-21 12:06:02.917,+02.519190
2026-02-21 12:06:03.716,+02.519187
2026-02-21 12:06:04.526,+02.519185
2026-02-21 12:06:05.326,+02.519187
2026-02-21 12:06:06.125,+02.519193
2026-02-21 12:06:06.925,+02.519190
2026-02-21 12:06:07.725,+02.519190
2026-02-21 12:06:08.523,+02.519193
2026-02-21 12:06:09.324,+02.519187
2026-02-21 12:06:10.123,+02.519187
2026-02-21 12:06:10.922,+02.519185
2026-02-21 12:06:11.722,+02.519187
2026-02-21 12:06:12.522,+02.519190
2026-02-21 12:06:13.321,+02.519182
2026-02-21 12:06:14.121,+02.519187
2026-02-21 12:06:14.920,+02.519185
2026-02-21 12:06:15.719,+02.519190
2026-02-21 12:06:16.519,+02.519196
2026-02-21 12:06:17.319,+02.519187
2026-02-21 12:06:18.118,+02.519196
2026-02-21 12:06:18.916,+02.519190
2026-02-21 12:06:19.717,+02.519193
2026-02-21 12:06:20.516,+02.519193
2026-02-21 12:06:21.316,+02.519190
2026-02-21 12:06:22.126,+02.519187
2026-02-21 12:06:22.925,+02.519185
2026-02-21 12:06:23.725,+02.519196
2026-02-21 12:06:24.524,+02.519187
2026-02-21 12:06:25.323,+02.519193
2026-02-21 12:06:26.124,+02.519185
2026-02-21 12:06:26.923,+02.519187
2026-02-21 12:06:27.722,+02.519187
2026-02-21 12:06:28.521,+02.519193
2026-02-21 12:06:29.321,+02.519185
2026-02-21 12:06:30.120,+02.519187
2026-02-21 12:06:30.920,+02.519185
2026-02-21 12:06:31.719,+02.519187
2026-02-21 12:06:32.519,+02.519185
2026-02-21 12:06:33.319,+02.519185
2026-02-21 12:06:34.117,+02.519182
2026-02-21 12:06:34.918,+02.519190
2026-02-21 12:06:35.717,+02.519182
2026-02-21 12:06:36.516,+02.519190
2026-02-21 12:06:37.316,+02.519185
2026-02-21 12:06:38.115,+02.519190
2026-02-21 12:06:38.925,+02.519187
2026-02-21 12:06:39.725,+02.519187
2026-02-21 12:06:40.523,+02.519179
2026-02-21 12:06:41.324,+02.519182
2026-02-21 12:06:42.123,+02.519182
2026-02-21 12:06:42.923,+02.519187
2026-02-21 12:06:43.722,+02.519190
2026-02-21 12:06:44.522,+02.519190
2026-02-21 12:06:45.321,+02.519185
2026-02-21 12:06:46.120,+02.519182
2026-02-21 12:06:46.921,+02.519187
2026-02-21 12:06:47.719,+02.519187
2026-02-21 12:06:48.519,+02.519187
2026-02-21 12:06:49.318,+02.519185
2026-02-21 12:06:50.118,+02.519187
2026-02-21 12:06:50.917,+02.519185
2026-02-21 12:06:51.717,+02.519187
2026-02-21 12:06:52.516,+02.519193
2026-02-21 12:06:53.316,+02.519190
2026-02-21 12:06:54.115,+02.519190
2026-02-21 12:06:54.915,+02.519185
2026-02-21 12:06:55.714,+02.519182
2026-02-21 12:06:56.524,+02.519187
2026-02-21 12:06:57.324,+02.519187
2026-02-21 12:06:58.123,+02.519185
2026-02-21 12:06:58.923,+02.519185
2026-02-21 12:06:59.722,+02.519185
2026-02-21 12:07:00.522,+02.519185
2026-02-21 12:07:01.321,+02.519182
2026-02-21 12:07:02.121,+02.519185
2026-02-21 12:07:02.919,+02.519187
2026-02-21 12:07:03.720,+02.519182
2026-02-21 12:07:04.519,+02.519185
2026-02-21 12:07:05.319,+02.519187
2026-02-21 12:07:06.118,+02.519187
2026-02-21 12:07:06.918,+02.519187
2026-02-21 12:07:07.717,+02.519185
2026-02-21 12:07:08.517,+02.519187
2026-02-21 12:07:09.316,+02.519190
2026-02-21 12:07:10.116,+02.519185
2026-02-21 12:07:10.915,+02.519187
2026-02-21 12:07:11.715,+02.519187
2026-02-21 12:07:12.514,+02.519190
2026-02-21 12:07:13.324,+02.519190
2026-02-21 12:07:14.123,+02.519182
2026-02-21 12:07:14.923,+02.519190
2026-02-21 12:07:15.722,+02.519182
2026-02-21 12:07:16.521,+02.519185
2026-02-21 12:07:17.320,+02.519185
2026-02-21 12:07:18.120,+02.519187
